Workbook

Sheet data
A1: year | B1: foreign_tariffrt_weighted
A2: 1840 | B2: =tau!AD3 -> 23.099235
A3: 1841 | B3: =tau!AD4 -> 24.34394
A4: 1842 | B4: =tau!AD5 -> 26.078701
A5: 1843 | B5: =tau!AD6 -> 28.118667
A6: 1844 | B6: =tau!AD7 -> 27.161691
A7: 1845 | B7: =tau!AD8 -> 25.547338
A8: 1846 | B8: =tau!AD9 -> 21.518954
A9: 1847 | B9: =tau!AD10 -> 19.192781
A10: 1848 | B10: =tau!AD11 -> 19.875708
A11: 1849 | B11: =tau!AD12 -> 19.926468
A12: 1850 | B12: =tau!AD13 -> 18.798659
A13: 1851 | B13: =tau!AD14 -> 18.645183
... A186: 2024 | B186: =tau!AD187 -> 0.80836768

Sheet tau
A1: Raw tau | P1: Weighted tau
A2: year | B2: GBR | C2: FRA | D2: DEU | E2: ITA | F2: CAN | G2: CHE | H2: BEL | I2: NLD | J2: PRT | K2: ESP | L2: JPN | M2: MEX | N2: BRA | P2: year | Q2: GBR | R2: FRA | S2: DEU | T2: ITA | U2: CAN | V2: CHE | W2: BEL | X2: NLD | Y2: PRT | Z2: ESP | AA2: JPN | AB2: MEX | AC2: BRA | AD2: Sum
A3: 1840 | B3: =IF(identifiers!B3=1,GBR!E3,"") -> 24.988867 | C3: =IF(identifiers!C3=1,FRA!F3,"") -> 17.8982 | D3: =IF(identifiers!D3=1,DEU!E3,"") | E3: =IF(identifiers!E3=1,ITA!E3,"") | F3: =IF(identifiers!F3=1,CAN!E3,"") | G3: =IF(identifiers!G3=1,CHE!E3,"") | H3: =IF(identifiers!H3=1,BEL!E3,"") | I3: =IF(identifiers!I3=1,NLD!E3,"") | J3: =IF(identifiers!J3=1,PRT!E3,"") | K3: =IF(identifiers!K3=1,ESP!E3,"") | L3: =IF(identifiers!L3=1,JPN!E3,"") | M3: =IF(identifiers!M3=1,MEX!E3,"") | N3: =IF(identifiers!N3=1,BRA!E3,"") | P3: 1840 | Q3: =IF(ISNUMBER(B3*export_shares!R3),B3*export_shares!R3,"") -> 18.329441 | R3: =IF(ISNUMBER(C3*export_shares!S3),C3*export_shares!S3,"") -> 4.7697932 | S3: =IF(ISNUMBER(D3*export_shares!T3),D3*export_shares!T3,"") | T3: =IF(ISNUMBER(E3*export_shares!U3),E3*export_shares!U3,"") | U3: =IF(ISNUMBER(F3*export_shares!V3),F3*export_shares!V3,"") | V3: =IF(ISNUMBER(G3*export_shares!W3),G3*export_shares!W3,"") | W3: =IF(ISNUMBER(H3*export_shares!X3),H3*export_shares!X3,"") | X3: =IF(ISNUMBER(I3*export_shares!Y3),I3*export_shares!Y3,"") | ... AC3: =IF(ISNUMBER(N3*export_shares!AD3),N3*export_shares!AD3,"") | AD3: =SUM(Q3:AC3) -> 23.099235
A4: 1841 | B4: =IF(identifiers!B4=1,GBR!E4,"") -> 26.810364 | C4: =IF(identifiers!C4=1,FRA!F4,"") -> 17.8982 | D4: =IF(identifiers!D4=1,DEU!E4,"") | E4: =IF(identifiers!E4=1,ITA!E4,"") | F4: =IF(identifiers!F4=1,CAN!E4,"") | G4: =IF(identifiers!G4=1,CHE!E4,"") | H4: =IF(identifiers!H4=1,BEL!E4,"") | I4: =IF(identifiers!I4=1,NLD!E4,"") | J4: =IF(identifiers!J4=1,PRT!E4,"") | K4: =IF(identifiers!K4=1,ESP!E4,"") | L4: =IF(identifiers!L4=1,JPN!E4,"") | M4: =IF(identifiers!M4=1,MEX!E4,"") | N4: =IF(identifiers!N4=1,BRA!E4,"") | P4: 1841 | Q4: =IF(ISNUMBER(B4*export_shares!R4),B4*export_shares!R4,"") -> 19.390649 | R4: =IF(ISNUMBER(C4*export_shares!S4),C4*export_shares!S4,"") -> 4.9532912 | S4: =IF(ISNUMBER(D4*export_shares!T4),D4*export_shares!T4,"") | T4: =IF(ISNUMBER(E4*export_shares!U4),E4*export_shares!U4,"") | U4: =IF(ISNUMBER(F4*export_shares!V4),F4*export_shares!V4,"") | V4: =IF(ISNUMBER(G4*export_shares!W4),G4*export_shares!W4,"") | W4: =IF(ISNUMBER(H4*export_shares!X4),H4*export_shares!X4,"") | X4: =IF(ISNUMBER(I4*export_shares!Y4),I4*export_shares!Y4,"") | ... AC4: =IF(ISNUMBER(N4*export_shares!AD4),N4*export_shares!AD4,"") | AD4: =SUM(Q4:AC4) -> 24.34394
A5: 1842 | B5: =IF(identifiers!B5=1,GBR!E5,"") -> 29.552366 | C5: =IF(identifiers!C5=1,FRA!F5,"") -> 17.898219 | D5: =IF(identifiers!D5=1,DEU!E5,"") | E5: =IF(identifiers!E5=1,ITA!E5,"") | F5: =IF(identifiers!F5=1,CAN!E5,"") | G5: =IF(identifiers!G5=1,CHE!E5,"") | H5: =IF(identifiers!H5=1,BEL!E5,"") | I5: =IF(identifiers!I5=1,NLD!E5,"") | J5: =IF(identifiers!J5=1,PRT!E5,"") | K5: =IF(identifiers!K5=1,ESP!E5,"") | L5: =IF(identifiers!L5=1,JPN!E5,"") | M5: =IF(identifiers!M5=1,MEX!E5,"") | N5: =IF(identifiers!N5=1,BRA!E5,"") | P5: 1842 | Q5: =IF(ISNUMBER(B5*export_shares!R5),B5*export_shares!R5,"") -> 20.74391 | R5: =IF(ISNUMBER(C5*export_shares!S5),C5*export_shares!S5,"") -> 5.33479 | S5: =IF(ISNUMBER(D5*export_shares!T5),D5*export_shares!T5,"") | T5: =IF(ISNUMBER(E5*export_shares!U5),E5*export_shares!U5,"") | U5: =IF(ISNUMBER(F5*export_shares!V5),F5*export_shares!V5,"") | V5: =IF(ISNUMBER(G5*export_shares!W5),G5*export_shares!W5,"") | W5: =IF(ISNUMBER(H5*export_shares!X5),H5*export_shares!X5,"") | X5: =IF(ISNUMBER(I5*export_shares!Y5),I5*export_shares!Y5,"") | ... AC5: =IF(ISNUMBER(N5*export_shares!AD5),N5*export_shares!AD5,"") | AD5: =SUM(Q5:AC5) -> 26.078701
A6: 1843 | B6: =IF(identifiers!B6=1,GBR!E6,"") -> 31.120124 | C6: =IF(identifiers!C6=1,FRA!F6,"") -> 17.854714 | D6: =IF(identifiers!D6=1,DEU!E6,"") | E6: =IF(identifiers!E6=1,ITA!E6,"") | F6: =IF(identifiers!F6=1,CAN!E6,"") | G6: =IF(identifiers!G6=1,CHE!E6,"") | H6: =IF(identifiers!H6=1,BEL!E6,"") | I6: =IF(identifiers!I6=1,NLD!E6,"") | J6: =IF(identifiers!J6=1,PRT!E6,"") | K6: =IF(identifiers!K6=1,ESP!E6,"") | L6: =IF(identifiers!L6=1,JPN!E6,"") | M6: =IF(identifiers!M6=1,MEX!E6,"") | N6: =IF(identifiers!N6=1,BRA!E6,"") | P6: 1843 | Q6: =IF(ISNUMBER(B6*export_shares!R6),B6*export_shares!R6,"") -> 24.078824 | R6: =IF(ISNUMBER(C6*export_shares!S6),C6*export_shares!S6,"") -> 4.0398427 | S6: =IF(ISNUMBER(D6*export_shares!T6),D6*export_shares!T6,"") | T6: =IF(ISNUMBER(E6*export_shares!U6),E6*export_shares!U6,"") | U6: =IF(ISNUMBER(F6*export_shares!V6),F6*export_shares!V6,"") | V6: =IF(ISNUMBER(G6*export_shares!W6),G6*export_shares!W6,"") | W6: =IF(ISNUMBER(H6*export_shares!X6),H6*export_shares!X6,"") | X6: =IF(ISNUMBER(I6*export_shares!Y6),I6*export_shares!Y6,"") | ... AC6: =IF(ISNUMBER(N6*export_shares!AD6),N6*export_shares!AD6,"") | AD6: =SUM(Q6:AC6) -> 28.118667
A7: 1844 | B7: =IF(identifiers!B7=1,GBR!E7,"") -> 29.617214 | C7: =IF(identifiers!C7=1,FRA!F7,"") -> 17.898163 | D7: =IF(identifiers!D7=1,DEU!E7,"") | E7: =IF(identifiers!E7=1,ITA!E7,"") | F7: =IF(identifiers!F7=1,CAN!E7,"") | G7: =IF(identifiers!G7=1,CHE!E7,"") | H7: =IF(identifiers!H7=1,BEL!E7,"") | I7: =IF(identifiers!I7=1,NLD!E7,"") | J7: =IF(identifiers!J7=1,PRT!E7,"") | K7: =IF(identifiers!K7=1,ESP!E7,"") | L7: =IF(identifiers!L7=1,JPN!E7,"") | M7: =IF(identifiers!M7=1,MEX!E7,"") | N7: =IF(identifiers!N7=1,BRA!E7,"") | P7: 1844 | Q7: =IF(ISNUMBER(B7*export_shares!R7),B7*export_shares!R7,"") -> 23.411444 | R7: =IF(ISNUMBER(C7*export_shares!S7),C7*export_shares!S7,"") -> 3.7502476 | S7: =IF(ISNUMBER(D7*export_shares!T7),D7*export_shares!T7,"") | T7: =IF(ISNUMBER(E7*export_shares!U7),E7*export_shares!U7,"") | U7: =IF(ISNUMBER(F7*export_shares!V7),F7*export_shares!V7,"") | V7: =IF(ISNUMBER(G7*export_shares!W7),G7*export_shares!W7,"") | W7: =IF(ISNUMBER(H7*export_shares!X7),H7*export_shares!X7,"") | X7: =IF(ISNUMBER(I7*export_shares!Y7),I7*export_shares!Y7,"") | ... AC7: =IF(ISNUMBER(N7*export_shares!AD7),N7*export_shares!AD7,"") | AD7: =SUM(Q7:AC7) -> 27.161691
A8: 1845 | B8: =IF(identifiers!B8=1,GBR!E8,"") -> 27.585237 | C8: =IF(identifiers!C8=1,FRA!F8,"") -> 17.898529 | D8: =IF(identifiers!D8=1,DEU!E8,"") | E8: =IF(identifiers!E8=1,ITA!E8,"") | F8: =IF(identifiers!F8=1,CAN!E8,"") | G8: =IF(identifiers!G8=1,CHE!E8,"") | H8: =IF(identifiers!H8=1,BEL!E8,"") | I8: =IF(identifiers!I8=1,NLD!E8,"") | J8: =IF(identifiers!J8=1,PRT!E8,"") | K8: =IF(identifiers!K8=1,ESP!E8,"") | L8: =IF(identifiers!L8=1,JPN!E8,"") | M8: =IF(identifiers!M8=1,MEX!E8,"") | N8: =IF(identifiers!N8=1,BRA!E8,"") | P8: 1845 | Q8: =IF(ISNUMBER(B8*export_shares!R8),B8*export_shares!R8,"") -> 21.781827 | R8: =IF(ISNUMBER(C8*export_shares!S8),C8*export_shares!S8,"") -> 3.7655107 | S8: =IF(ISNUMBER(D8*export_shares!T8),D8*export_shares!T8,"") | T8: =IF(ISNUMBER(E8*export_shares!U8),E8*export_shares!U8,"") | U8: =IF(ISNUMBER(F8*export_shares!V8),F8*export_shares!V8,"") | V8: =IF(ISNUMBER(G8*export_shares!W8),G8*export_shares!W8,"") | W8: =IF(ISNUMBER(H8*export_shares!X8),H8*export_shares!X8,"") | X8: =IF(ISNUMBER(I8*export_shares!Y8),I8*export_shares!Y8,"") | ... AC8: =IF(ISNUMBER(N8*export_shares!AD8),N8*export_shares!AD8,"") | AD8: =SUM(Q8:AC8) -> 25.547338
A9: 1846 | B9: =IF(identifiers!B9=1,GBR!E9,"") -> 25.79171 | C9: =IF(identifiers!C9=1,FRA!F9,"") -> 17.673256 | D9: =IF(identifiers!D9=1,DEU!E9,"") | E9: =IF(identifiers!E9=1,ITA!E9,"") | F9: =IF(identifiers!F9=1,CAN!E9,"") | G9: =IF(identifiers!G9=1,CHE!E9,"") | H9: =IF(identifiers!H9=1,BEL!E9,"") -> 5.0691244 | I9: =IF(identifiers!I9=1,NLD!E9,"") -> 3.556188 | J9: =IF(identifiers!J9=1,PRT!E9,"") | K9: =IF(identifiers!K9=1,ESP!E9,"") | L9: =IF(identifiers!L9=1,JPN!E9,"") | M9: =IF(identifiers!M9=1,MEX!E9,"") | N9: =IF(identifiers!N9=1,BRA!E9,"") | P9: 1846 | Q9: =IF(ISNUMBER(B9*export_shares!R9),B9*export_shares!R9,"") -> 17.353759 | R9: =IF(ISNUMBER(C9*export_shares!S9),C9*export_shares!S9,"") -> 3.6159332 | S9: =IF(ISNUMBER(D9*export_shares!T9),D9*export_shares!T9,"") | T9: =IF(ISNUMBER(E9*export_shares!U9),E9*export_shares!U9,"") | U9: =IF(ISNUMBER(F9*export_shares!V9),F9*export_shares!V9,"") | V9: =IF(ISNUMBER(G9*export_shares!W9),G9*export_shares!W9,"") | W9: =IF(ISNUMBER(H9*export_shares!X9),H9*export_shares!X9,"") -> 0.38002209 | X9: =IF(ISNUMBER(I9*export_shares!Y9),I9*export_shares!Y9,"") -> 0.16924029 | ... AC9: =IF(ISNUMBER(N9*export_shares!AD9),N9*export_shares!AD9,"") | AD9: =SUM(Q9:AC9) -> 21.518954
A10: 1847 | B10: =IF(identifiers!B10=1,GBR!E10,"") -> 22.103578 | C10: =IF(identifiers!C10=1,FRA!F10,"") -> 15.606618 | D10: =IF(identifiers!D10=1,DEU!E10,"") -> 10.83435 | E10: =IF(identifiers!E10=1,ITA!E10,"") | F10: =IF(identifiers!F10=1,CAN!E10,"") | G10: =IF(identifiers!G10=1,CHE!E10,"") | H10: =IF(identifiers!H10=1,BEL!E10,"") -> 4.5643154 | I10: =IF(identifiers!I10=1,NLD!E10,"") -> 3.07147 | J10: =IF(identifiers!J10=1,PRT!E10,"") | K10: =IF(identifiers!K10=1,ESP!E10,"") | L10: =IF(identifiers!L10=1,JPN!E10,"") | M10: =IF(identifiers!M10=1,MEX!E10,"") | N10: =IF(identifiers!N10=1,BRA!E10,"") | P10: 1847 | Q10: =IF(ISNUMBER(B10*export_shares!R10),B10*export_shares!R10,"") -> 15.963125 | R10: =IF(ISNUMBER(C10*export_shares!S10),C10*export_shares!S10,"") -> 2.4593408 | S10: =IF(ISNUMBER(D10*export_shares!T10),D10*export_shares!T10,"") -> 0.44712189 | T10: =IF(ISNUMBER(E10*export_shares!U10),E10*export_shares!U10,"") | U10: =IF(ISNUMBER(F10*export_shares!V10),F10*export_shares!V10,"") | V10: =IF(ISNUMBER(G10*export_shares!W10),G10*export_shares!W10,"") | W10: =IF(ISNUMBER(H10*export_shares!X10),H10*export_shares!X10,"") -> 0.24672652 | X10: =IF(ISNUMBER(I10*export_shares!Y10),I10*export_shares!Y10,"") -> 0.076467075 | ... AC10: =IF(ISNUMBER(N10*export_shares!AD10),N10*export_shares!AD10,"") | AD10: =SUM(Q10:AC10) -> 19.192781
A11: 1848 | B11: =IF(identifiers!B11=1,GBR!E11,"") -> 22.543923 | C11: =IF(identifiers!C11=1,FRA!F11,"") -> 17.918877 | D11: =IF(identifiers!D11=1,DEU!E11,"") -> 9.9342868 | E11: =IF(identifiers!E11=1,ITA!E11,"") | F11: =IF(identifiers!F11=1,CAN!E11,"") | G11: =IF(identifiers!G11=1,CHE!E11,"") | H11: =IF(identifiers!H11=1,BEL!E11,"") -> 5.4945055 | I11: =IF(identifiers!I11=1,NLD!E11,"") -> 3.54493 | J11: =IF(identifiers!J11=1,PRT!E11,"") | K11: =IF(identifiers!K11=1,ESP!E11,"") | L11: =IF(identifiers!L11=1,JPN!E11,"") | M11: =IF(identifiers!M11=1,MEX!E11,"") | N11: =IF(identifiers!N11=1,BRA!E11,"") | P11: 1848 | Q11: =IF(ISNUMBER(B11*export_shares!R11),B11*export_shares!R11,"") -> 16.198616 | R11: =IF(ISNUMBER(C11*export_shares!S11),C11*export_shares!S11,"") -> 2.8800226 | S11: =IF(ISNUMBER(D11*export_shares!T11),D11*export_shares!T11,"") -> 0.42372813 | T11: =IF(ISNUMBER(E11*export_shares!U11),E11*export_shares!U11,"") | U11: =IF(ISNUMBER(F11*export_shares!V11),F11*export_shares!V11,"") | V11: =IF(ISNUMBER(G11*export_shares!W11),G11*export_shares!W11,"") | W11: =IF(ISNUMBER(H11*export_shares!X11),H11*export_shares!X11,"") -> 0.27206089 | X11: =IF(ISNUMBER(I11*export_shares!Y11),I11*export_shares!Y11,"") -> 0.10127998 | ... AC11: =IF(ISNUMBER(N11*export_shares!AD11),N11*export_shares!AD11,"") | AD11: =SUM(Q11:AC11) -> 19.875708
A12: 1849 | B12: =IF(identifiers!B12=1,GBR!E12,"") -> 22.799946 | C12: =IF(identifiers!C12=1,FRA!F12,"") -> 17.984858 | D12: =IF(identifiers!D12=1,DEU!E12,"") -> 11.470631 | E12: =IF(identifiers!E12=1,ITA!E12,"") | F12: =IF(identifiers!F12=1,CAN!E12,"") | G12: =IF(identifiers!G12=1,CHE!E12,"") | H12: =IF(identifiers!H12=1,BEL!E12,"") -> 5.7971014 | I12: =IF(identifiers!I12=1,NLD!E12,"") -> 3.383978 | J12: =IF(identifiers!J12=1,PRT!E12,"") | K12: =IF(identifiers!K12=1,ESP!E12,"") | L12: =IF(identifiers!L12=1,JPN!E12,"") | M12: =IF(identifiers!M12=1,MEX!E12,"") | N12: =IF(identifiers!N12=1,BRA!E12,"") | P12: 1849 | Q12: =IF(ISNUMBER(B12*export_shares!R12),B12*export_shares!R12,"") -> 16.836825 | R12: =IF(ISNUMBER(C12*export_shares!S12),C12*export_shares!S12,"") -> 2.2115785 | S12: =IF(ISNUMBER(D12*export_shares!T12),D12*export_shares!T12,"") -> 0.32393458 | T12: =IF(ISNUMBER(E12*export_shares!U12),E12*export_shares!U12,"") | U12: =IF(ISNUMBER(F12*export_shares!V12),F12*export_shares!V12,"") | V12: =IF(ISNUMBER(G12*export_shares!W12),G12*export_shares!W12,"") | W12: =IF(ISNUMBER(H12*export_shares!X12),H12*export_shares!X12,"") -> 0.43426857 | X12: =IF(ISNUMBER(I12*export_shares!Y12),I12*export_shares!Y12,"") -> 0.11986199 | ... AC12: =IF(ISNUMBER(N12*export_shares!AD12),N12*export_shares!AD12,"") | AD12: =SUM(Q12:AC12) -> 19.926468
A13: 1850 | B13: =IF(identifiers!B13=1,GBR!E13,"") -> 21.537061 | C13: =IF(identifiers!C13=1,FRA!F13,"") -> 16.521094 | D13: =IF(identifiers!D13=1,DEU!E13,"") -> 11.070954 | E13: =IF(identifiers!E13=1,ITA!E13,"") | F13: =IF(identifiers!F13=1,CAN!E13,"") | G13: =IF(identifiers!G13=1,CHE!E13,"") | H13: =IF(identifiers!H13=1,BEL!E13,"") -> 5.0632911 | I13: =IF(identifiers!I13=1,NLD!E13,"") -> 2.6595745 | J13: =IF(identifiers!J13=1,PRT!E13,"") | K13: =IF(identifiers!K13=1,ESP!E13,"") -> 24.137931 | L13: =IF(identifiers!L13=1,JPN!E13,"") | M13: =IF(identifiers!M13=1,MEX!E13,"") | N13: =IF(identifiers!N13=1,BRA!E13,"") | P13: 1850 | Q13: =IF(ISNUMBER(B13*export_shares!R13),B13*export_shares!R13,"") -> 14.34519 | R13: =IF(ISNUMBER(C13*export_shares!S13),C13*export_shares!S13,"") -> 2.7873598 | S13: =IF(ISNUMBER(D13*export_shares!T13),D13*export_shares!T13,"") -> 0.51633734 | T13: =IF(ISNUMBER(E13*export_shares!U13),E13*export_shares!U13,"") | U13: =IF(ISNUMBER(F13*export_shares!V13),F13*export_shares!V13,"") | V13: =IF(ISNUMBER(G13*export_shares!W13),G13*export_shares!W13,"") | W13: =IF(ISNUMBER(H13*export_shares!X13),H13*export_shares!X13,"") -> 0.31804625 | X13: =IF(ISNUMBER(I13*export_shares!Y13),I13*export_shares!Y13,"") -> 0.063677034 | ... AC13: =IF(ISNUMBER(N13*export_shares!AD13),N13*export_shares!AD13,"") | AD13: =SUM(Q13:AC13) -> 18.798659
A14: 1851 | B14: =IF(identifiers!B14=1,GBR!E14,"") -> 20.564321 | C14: =IF(identifiers!C14=1,FRA!F14,"") -> 15.711605 | D14: =IF(identifiers!D14=1,DEU!E14,"") -> 11.038591 | E14: =IF(identifiers!E14=1,ITA!E14,"") | F14: =IF(identifiers!F14=1,CAN!E14,"") | G14: =IF(identifiers!G14=1,CHE!E14,"") | H14: =IF(identifiers!H14=1,BEL!E14,"") -> 5.5045872 | I14: =IF(identifiers!I14=1,NLD!E14,"") -> 2.5 | J14: =IF(identifiers!J14=1,PRT!E14,"") | K14: =IF(identifiers!K14=1,ESP!E14,"") -> 23.668639 | L14: =IF(identifiers!L14=1,JPN!E14,"") | M14: =IF(identifiers!M14=1,MEX!E14,"") | N14: =IF(identifiers!N14=1,BRA!E14,"") | P14: 1851 | Q14: =IF(ISNUMBER(B14*export_shares!R14),B14*export_shares!R14,"") -> 15.008464 | R14: =IF(ISNUMBER(C14*export_shares!S14),C14*export_shares!S14,"") -> 2.3821031 | S14: =IF(ISNUMBER(D14*export_shares!T14),D14*export_shares!T14,"") -> 0.47586346 | T14: =IF(ISNUMBER(E14*export_shares!U14),E14*export_shares!U14,"") | U14: =IF(ISNUMBER(F14*export_shares!V14),F14*export_shares!V14,"") | V14: =IF(ISNUMBER(G14*export_shares!W14),G14*export_shares!W14,"") | W14: =IF(ISNUMBER(H14*export_shares!X14),H14*export_shares!X14,"") -> 0.18615071 | X14: =IF(ISNUMBER(I14*export_shares!Y14),I14*export_shares!Y14,"") -> 0.046377626 | ... AC14: =IF(ISNUMBER(N14*export_shares!AD14),N14*export_shares!AD14,"") | AD14: =SUM(Q14:AC14) -> 18.645183
... A187: 2024 | B187: =IF(identifiers!B187=1,GBR!E187,"") -> 0.85811976 | C187: =IF(identifiers!C187=1,FRA!F187,"") -> 0.47446964 | D187: =IF(identifiers!D187=1,DEU!E187,"") -> 0.42721077 | E187: =IF(identifiers!E187=1,ITA!E187,"") -> 0.52061587 | F187: =IF(identifiers!F187=1,CAN!E187,"") -> 0.74065424 | G187: =IF(identifiers!G187=1,CHE!E187,"") -> 0.55773049 | H187: =IF(identifiers!H187=1,BEL!E187,"") -> 0.36975064 | I187: =IF(identifiers!I187=1,NLD!E187,"") -> 0.44149426 | J187: =IF(identifiers!J187=1,PRT!E187,"") -> 0.30650615 | K187: =IF(identifiers!K187=1,ESP!E187,"") -> 0.61710505 | L187: =IF(identifiers!L187=1,JPN!E187,"") -> 0.8135491 | M187: =IF(identifiers!M187=1,MEX!E187,"") -> 1.2032003 | N187: =IF(identifiers!N187=1,BRA!E187,"") | P187: 2024 | Q187: =IF(ISNUMBER(B187*export_shares!R187),B187*export_shares!R187,"") -> 0.058373312 | R187: =IF(ISNUMBER(C187*export_shares!S187),C187*export_shares!S187,"") -> 0.017672506 | S187: =IF(ISNUMBER(D187*export_shares!T187),D187*export_shares!T187,"") -> 0.027669431 | T187: =IF(ISNUMBER(E187*export_shares!U187),E187*export_shares!U187,"") -> 0.014408315 | U187: =IF(ISNUMBER(F187*export_shares!V187),F187*export_shares!V187,"") -> 0.22166329 | V187: =IF(ISNUMBER(G187*export_shares!W187),G187*export_shares!W187,"") -> 0.011946246 | W187: =IF(ISNUMBER(H187*export_shares!X187),H187*export_shares!X187,"") -> 0.010815973 | X187: =IF(ISNUMBER(I187*export_shares!Y187),I187*export_shares!Y187,"") -> 0.033314209 | ... AC187: =IF(ISNUMBER(N187*export_shares!AD187),N187*export_shares!AD187,"") | AD187: =SUM(Q187:AC187) -> 0.80836768

Sheet export_shares
A1: Raw shares | D1: =IF(ISNUMBER(tau!D3),IF(ISNUMBER(GBR!R3),GBR!R3,""),"") | E1: =IF(ISNUMBER(tau!E3),IF(ISNUMBER(GBR!S3),GBR!S3,""),"") | F1: =IF(ISNUMBER(tau!F3),IF(ISNUMBER(GBR!T3),GBR!T3,""),"") | G1: =IF(ISNUMBER(tau!G3),IF(ISNUMBER(GBR!U3),GBR!U3,""),"") | H1: =IF(ISNUMBER(tau!H3),IF(ISNUMBER(GBR!V3),GBR!V3,""),"") | I1: =IF(ISNUMBER(tau!I3),IF(ISNUMBER(GBR!W3),GBR!W3,""),"") | J1: =IF(ISNUMBER(tau!J3),IF(ISNUMBER(GBR!X3),GBR!X3,""),"") | K1: =IF(ISNUMBER(tau!K3),IF(ISNUMBER(GBR!Y3),GBR!Y3,""),"") | ... N1: =IF(ISNUMBER(tau!N3),IF(ISNUMBER(GBR!AB3),GBR!AB3,""),"") | Q1: Normalized shares
A2: year | B2: GBR | C2: FRA | D2: DEU | E2: ITA | F2: CAN | G2: CHE | H2: BEL | I2: NLD | J2: PRT | K2: ESP | L2: JPN | M2: MEX | N2: BRA | O2: share in sample | Q2: year | R2: GBR | S2: FRA | T2: DEU | U2: ITA | V2: CAN | W2: CHE | X2: BEL | Y2: NLD | Z2: PRT | AA2: ESP | AB2: JPN | AC2: MEX | AD2: BRA | AE2: Total
A3: 1840 | B3: =IF(identifiers!B3=1,GBR!O3,"") -> 0.44422439 | C3: =IF(identifiers!C3=1,FRA!P3,"") -> 0.16139495 | D3: =IF(identifiers!D3=1,DEU!O3,"") | E3: =IF(identifiers!E3=1,ITA!N3,"") | F3: =IF(identifiers!F3=1,CAN!O3,"") | G3: =IF(identifiers!G3=1,CHE!N3,"") | H3: =IF(identifiers!H3=1,BEL!N3,"") | I3: =IF(identifiers!I3=1,NLD!N3,"") | J3: =IF(identifiers!J3=1,PRT!N3,"") | K3: =IF(identifiers!K3=1,ESP!N3,"") | L3: =IF(identifiers!L3=1,JPN!O3,"") | M3: =IF(identifiers!M3=1,MEX!O3,"") | N3: =IF(identifiers!N3=1,BRA!O3,"") | O3: =SUM(B3:N3) -> 0.60561934 | Q3: 1840 | R3: =IF(ISNUMBER(B3),B3/SUM($B3:$N3),"") -> 0.73350431 | S3: =IF(ISNUMBER(C3),C3/SUM($B3:$N3),"") -> 0.26649569 | T3: =IF(ISNUMBER(D3),D3/SUM($B3:$N3),"") | U3: =IF(ISNUMBER(E3),E3/SUM($B3:$N3),"") | V3: =IF(ISNUMBER(F3),F3/SUM($B3:$N3),"") | W3: =IF(ISNUMBER(G3),G3/SUM($B3:$N3),"") | X3: =IF(ISNUMBER(H3),H3/SUM($B3:$N3),"") | Y3: =IF(ISNUMBER(I3),I3/SUM($B3:$N3),"") | ... AD3: =IF(ISNUMBER(N3),N3/SUM($B3:$N3),"") | AE3: =SUM(R3:AD3) -> 1
A4: 1841 | B4: =IF(identifiers!B4=1,GBR!O4,"") -> 0.42028243 | C4: =IF(identifiers!C4=1,FRA!P4,"") -> 0.16081854 | D4: =IF(identifiers!D4=1,DEU!O4,"") | E4: =IF(identifiers!E4=1,ITA!N4,"") | F4: =IF(identifiers!F4=1,CAN!O4,"") | G4: =IF(identifiers!G4=1,CHE!N4,"") | H4: =IF(identifiers!H4=1,BEL!N4,"") | I4: =IF(identifiers!I4=1,NLD!N4,"") | J4: =IF(identifiers!J4=1,PRT!N4,"") | K4: =IF(identifiers!K4=1,ESP!N4,"") | L4: =IF(identifiers!L4=1,JPN!O4,"") | M4: =IF(identifiers!M4=1,MEX!O4,"") | N4: =IF(identifiers!N4=1,BRA!O4,"") | O4: =SUM(B4:N4) -> 0.58110096 | Q4: 1841 | R4: =IF(ISNUMBER(B4),B4/SUM($B4:$N4),"") -> 0.72325199 | S4: =IF(ISNUMBER(C4),C4/SUM($B4:$N4),"") -> 0.27674801 | T4: =IF(ISNUMBER(D4),D4/SUM($B4:$N4),"") | U4: =IF(ISNUMBER(E4),E4/SUM($B4:$N4),"") | V4: =IF(ISNUMBER(F4),F4/SUM($B4:$N4),"") | W4: =IF(ISNUMBER(G4),G4/SUM($B4:$N4),"") | X4: =IF(ISNUMBER(H4),H4/SUM($B4:$N4),"") | Y4: =IF(ISNUMBER(I4),I4/SUM($B4:$N4),"") | ... AD4: =IF(ISNUMBER(N4),N4/SUM($B4:$N4),"") | AE4: =SUM(R4:AD4) -> 1
A5: 1842 | B5: =IF(identifiers!B5=1,GBR!O5,"") -> 0.40060963 | C5: =IF(identifiers!C5=1,FRA!P5,"") -> 0.17011027 | D5: =IF(identifiers!D5=1,DEU!O5,"") | E5: =IF(identifiers!E5=1,ITA!N5,"") | F5: =IF(identifiers!F5=1,CAN!O5,"") | G5: =IF(identifiers!G5=1,CHE!N5,"") | H5: =IF(identifiers!H5=1,BEL!N5,"") | I5: =IF(identifiers!I5=1,NLD!N5,"") | J5: =IF(identifiers!J5=1,PRT!N5,"") | K5: =IF(identifiers!K5=1,ESP!N5,"") | L5: =IF(identifiers!L5=1,JPN!O5,"") | M5: =IF(identifiers!M5=1,MEX!O5,"") | N5: =IF(identifiers!N5=1,BRA!O5,"") | O5: =SUM(B5:N5) -> 0.57071991 | Q5: 1842 | R5: =IF(ISNUMBER(B5),B5/SUM($B5:$N5),"") -> 0.70193738 | S5: =IF(ISNUMBER(C5),C5/SUM($B5:$N5),"") -> 0.29806262 | T5: =IF(ISNUMBER(D5),D5/SUM($B5:$N5),"") | U5: =IF(ISNUMBER(E5),E5/SUM($B5:$N5),"") | V5: =IF(ISNUMBER(F5),F5/SUM($B5:$N5),"") | W5: =IF(ISNUMBER(G5),G5/SUM($B5:$N5),"") | X5: =IF(ISNUMBER(H5),H5/SUM($B5:$N5),"") | Y5: =IF(ISNUMBER(I5),I5/SUM($B5:$N5),"") | ... AD5: =IF(ISNUMBER(N5),N5/SUM($B5:$N5),"") | AE5: =SUM(R5:AD5) -> 1
A6: 1843 | B6: =IF(identifiers!B6=1,GBR!O6,"") -> 0.49472876 | C6: =IF(identifiers!C6=1,FRA!P6,"") -> 0.1446721 | D6: =IF(identifiers!D6=1,DEU!O6,"") | E6: =IF(identifiers!E6=1,ITA!N6,"") | F6: =IF(identifiers!F6=1,CAN!O6,"") | G6: =IF(identifiers!G6=1,CHE!N6,"") | H6: =IF(identifiers!H6=1,BEL!N6,"") | I6: =IF(identifiers!I6=1,NLD!N6,"") | J6: =IF(identifiers!J6=1,PRT!N6,"") | K6: =IF(identifiers!K6=1,ESP!N6,"") | L6: =IF(identifiers!L6=1,JPN!O6,"") | M6: =IF(identifiers!M6=1,MEX!O6,"") | N6: =IF(identifiers!N6=1,BRA!O6,"") | O6: =SUM(B6:N6) -> 0.63940086 | Q6: 1843 | R6: =IF(ISNUMBER(B6),B6/SUM($B6:$N6),"") -> 0.77373803 | S6: =IF(ISNUMBER(C6),C6/SUM($B6:$N6),"") -> 0.22626197 | T6: =IF(ISNUMBER(D6),D6/SUM($B6:$N6),"") | U6: =IF(ISNUMBER(E6),E6/SUM($B6:$N6),"") | V6: =IF(ISNUMBER(F6),F6/SUM($B6:$N6),"") | W6: =IF(ISNUMBER(G6),G6/SUM($B6:$N6),"") | X6: =IF(ISNUMBER(H6),H6/SUM($B6:$N6),"") | Y6: =IF(ISNUMBER(I6),I6/SUM($B6:$N6),"") | ... AD6: =IF(ISNUMBER(N6),N6/SUM($B6:$N6),"") | AE6: =SUM(R6:AD6) -> 1
A7: 1844 | B7: =IF(identifiers!B7=1,GBR!O7,"") -> 0.46296868 | C7: =IF(identifiers!C7=1,FRA!P7,"") -> 0.12272106 | D7: =IF(identifiers!D7=1,DEU!O7,"") | E7: =IF(identifiers!E7=1,ITA!N7,"") | F7: =IF(identifiers!F7=1,CAN!O7,"") | G7: =IF(identifiers!G7=1,CHE!N7,"") | H7: =IF(identifiers!H7=1,BEL!N7,"") | I7: =IF(identifiers!I7=1,NLD!N7,"") | J7: =IF(identifiers!J7=1,PRT!N7,"") | K7: =IF(identifiers!K7=1,ESP!N7,"") | L7: =IF(identifiers!L7=1,JPN!O7,"") | M7: =IF(identifiers!M7=1,MEX!O7,"") | N7: =IF(identifiers!N7=1,BRA!O7,"") | O7: =SUM(B7:N7) -> 0.58568974 | Q7: 1844 | R7: =IF(ISNUMBER(B7),B7/SUM($B7:$N7),"") -> 0.79046745 | S7: =IF(ISNUMBER(C7),C7/SUM($B7:$N7),"") -> 0.20953255 | T7: =IF(ISNUMBER(D7),D7/SUM($B7:$N7),"") | U7: =IF(ISNUMBER(E7),E7/SUM($B7:$N7),"") | V7: =IF(ISNUMBER(F7),F7/SUM($B7:$N7),"") | W7: =IF(ISNUMBER(G7),G7/SUM($B7:$N7),"") | X7: =IF(ISNUMBER(H7),H7/SUM($B7:$N7),"") | Y7: =IF(ISNUMBER(I7),I7/SUM($B7:$N7),"") | ... AD7: =IF(ISNUMBER(N7),N7/SUM($B7:$N7),"") | AE7: =SUM(R7:AD7) -> 1
A8: 1845 | B8: =IF(identifiers!B8=1,GBR!O8,"") -> 0.42517532 | C8: =IF(identifiers!C8=1,FRA!P8,"") -> 0.11328098 | D8: =IF(identifiers!D8=1,DEU!O8,"") | E8: =IF(identifiers!E8=1,ITA!N8,"") | F8: =IF(identifiers!F8=1,CAN!O8,"") | G8: =IF(identifiers!G8=1,CHE!N8,"") | H8: =IF(identifiers!H8=1,BEL!N8,"") | I8: =IF(identifiers!I8=1,NLD!N8,"") | J8: =IF(identifiers!J8=1,PRT!N8,"") | K8: =IF(identifiers!K8=1,ESP!N8,"") | L8: =IF(identifiers!L8=1,JPN!O8,"") | M8: =IF(identifiers!M8=1,MEX!O8,"") | N8: =IF(identifiers!N8=1,BRA!O8,"") | O8: =SUM(B8:N8) -> 0.5384563 | Q8: 1845 | R8: =IF(ISNUMBER(B8),B8/SUM($B8:$N8),"") -> 0.78961899 | S8: =IF(ISNUMBER(C8),C8/SUM($B8:$N8),"") -> 0.21038101 | T8: =IF(ISNUMBER(D8),D8/SUM($B8:$N8),"") | U8: =IF(ISNUMBER(E8),E8/SUM($B8:$N8),"") | V8: =IF(ISNUMBER(F8),F8/SUM($B8:$N8),"") | W8: =IF(ISNUMBER(G8),G8/SUM($B8:$N8),"") | X8: =IF(ISNUMBER(H8),H8/SUM($B8:$N8),"") | Y8: =IF(ISNUMBER(I8),I8/SUM($B8:$N8),"") | ... AD8: =IF(ISNUMBER(N8),N8/SUM($B8:$N8),"") | AE8: =SUM(R8:AD8) -> 1
A9: 1846 | B9: =IF(identifiers!B9=1,GBR!O9,"") -> 0.41881916 | C9: =IF(identifiers!C9=1,FRA!P9,"") -> 0.12735528 | D9: =IF(identifiers!D9=1,DEU!O9,"") | E9: =IF(identifiers!E9=1,ITA!N9,"") | F9: =IF(identifiers!F9=1,CAN!O9,"") | G9: =IF(identifiers!G9=1,CHE!N9,"") | H9: =IF(identifiers!H9=1,BEL!N9,"") -> 0.046664759 | I9: =IF(identifiers!I9=1,NLD!N9,"") -> 0.029623215 | J9: =IF(identifiers!J9=1,PRT!N9,"") | K9: =IF(identifiers!K9=1,ESP!N9,"") | L9: =IF(identifiers!L9=1,JPN!O9,"") | M9: =IF(identifiers!M9=1,MEX!O9,"") | N9: =IF(identifiers!N9=1,BRA!O9,"") | O9: =SUM(B9:N9) -> 0.62246242 | Q9: 1846 | R9: =IF(ISNUMBER(B9),B9/SUM($B9:$N9),"") -> 0.67284248 | S9: =IF(ISNUMBER(C9),C9/SUM($B9:$N9),"") -> 0.20459915 | T9: =IF(ISNUMBER(D9),D9/SUM($B9:$N9),"") | U9: =IF(ISNUMBER(E9),E9/SUM($B9:$N9),"") | V9: =IF(ISNUMBER(F9),F9/SUM($B9:$N9),"") | W9: =IF(ISNUMBER(G9),G9/SUM($B9:$N9),"") | X9: =IF(ISNUMBER(H9),H9/SUM($B9:$N9),"") -> 0.074967994 | Y9: =IF(ISNUMBER(I9),I9/SUM($B9:$N9),"") -> 0.047590368 | ... AD9: =IF(ISNUMBER(N9),N9/SUM($B9:$N9),"") | AE9: =SUM(R9:AD9) -> 1
A10: 1847 | B10: =IF(identifiers!B10=1,GBR!O10,"") -> 0.55498468 | C10: =IF(identifiers!C10=1,FRA!P10,"") -> 0.12109761 | D10: =IF(identifiers!D10=1,DEU!O10,"") -> 0.031713833 | E10: =IF(identifiers!E10=1,ITA!N10,"") | F10: =IF(identifiers!F10=1,CAN!O10,"") | G10: =IF(identifiers!G10=1,CHE!N10,"") | H10: =IF(identifiers!H10=1,BEL!N10,"") -> 0.041539939 | I10: =IF(identifiers!I10=1,NLD!N10,"") -> 0.019131713 | J10: =IF(identifiers!J10=1,PRT!N10,"") | K10: =IF(identifiers!K10=1,ESP!N10,"") | L10: =IF(identifiers!L10=1,JPN!O10,"") | M10: =IF(identifiers!M10=1,MEX!O10,"") | N10: =IF(identifiers!N10=1,BRA!O10,"") | O10: =SUM(B10:N10) -> 0.76846778 | Q10: 1847 | R10: =IF(ISNUMBER(B10),B10/SUM($B10:$N10),"") -> 0.72219643 | S10: =IF(ISNUMBER(C10),C10/SUM($B10:$N10),"") -> 0.1575832 | T10: =IF(ISNUMBER(D10),D10/SUM($B10:$N10),"") -> 0.041268917 | U10: =IF(ISNUMBER(E10),E10/SUM($B10:$N10),"") | V10: =IF(ISNUMBER(F10),F10/SUM($B10:$N10),"") | W10: =IF(ISNUMBER(G10),G10/SUM($B10:$N10),"") | X10: =IF(ISNUMBER(H10),H10/SUM($B10:$N10),"") -> 0.054055537 | Y10: =IF(ISNUMBER(I10),I10/SUM($B10:$N10),"") -> 0.024895921 | ... AD10: =IF(ISNUMBER(N10),N10/SUM($B10:$N10),"") | AE10: =SUM(R10:AD10) -> 1
A11: 1848 | B11: =IF(identifiers!B11=1,GBR!O11,"") -> 0.4862472 | C11: =IF(identifiers!C11=1,FRA!P11,"") -> 0.10876616 | D11: =IF(identifiers!D11=1,DEU!O11,"") -> 0.028864184 | E11: =IF(identifiers!E11=1,ITA!N11,"") | F11: =IF(identifiers!F11=1,CAN!O11,"") | G11: =IF(identifiers!G11=1,CHE!N11,"") | H11: =IF(identifiers!H11=1,BEL!N11,"") -> 0.033507821 | I11: =IF(identifiers!I11=1,NLD!N11,"") -> 0.019334129 | J11: =IF(identifiers!J11=1,PRT!N11,"") | K11: =IF(identifiers!K11=1,ESP!N11,"") | L11: =IF(identifiers!L11=1,JPN!O11,"") | M11: =IF(identifiers!M11=1,MEX!O11,"") | N11: =IF(identifiers!N11=1,BRA!O11,"") | O11: =SUM(B11:N11) -> 0.67671949 | Q11: 1848 | R11: =IF(ISNUMBER(B11),B11/SUM($B11:$N11),"") -> 0.71853583 | S11: =IF(ISNUMBER(C11),C11/SUM($B11:$N11),"") -> 0.16072562 | T11: =IF(ISNUMBER(D11),D11/SUM($B11:$N11),"") -> 0.0426531 | U11: =IF(ISNUMBER(E11),E11/SUM($B11:$N11),"") | V11: =IF(ISNUMBER(F11),F11/SUM($B11:$N11),"") | W11: =IF(ISNUMBER(G11),G11/SUM($B11:$N11),"") | X11: =IF(ISNUMBER(H11),H11/SUM($B11:$N11),"") -> 0.049515082 | Y11: =IF(ISNUMBER(I11),I11/SUM($B11:$N11),"") -> 0.028570374 | ... AD11: =IF(ISNUMBER(N11),N11/SUM($B11:$N11),"") | AE11: =SUM(R11:AD11) -> 1
A12: 1849 | B12: =IF(identifiers!B12=1,GBR!O12,"") -> 0.55799199 | C12: =IF(identifiers!C12=1,FRA!P12,"") -> 0.092917376 | D12: =IF(identifiers!D12=1,DEU!O12,"") -> 0.021338879 | E12: =IF(identifiers!E12=1,ITA!N12,"") | F12: =IF(identifiers!F12=1,CAN!O12,"") | G12: =IF(identifiers!G12=1,CHE!N12,"") | H12: =IF(identifiers!H12=1,BEL!N12,"") -> 0.056604256 | I12: =IF(identifiers!I12=1,NLD!N12,"") -> 0.026764278 | J12: =IF(identifiers!J12=1,PRT!N12,"") | K12: =IF(identifiers!K12=1,ESP!N12,"") | L12: =IF(identifiers!L12=1,JPN!O12,"") | M12: =IF(identifiers!M12=1,MEX!O12,"") | N12: =IF(identifiers!N12=1,BRA!O12,"") | O12: =SUM(B12:N12) -> 0.75561678 | Q12: 1849 | R12: =IF(ISNUMBER(B12),B12/SUM($B12:$N12),"") -> 0.73845897 | S12: =IF(ISNUMBER(C12),C12/SUM($B12:$N12),"") -> 0.12296892 | T12: =IF(ISNUMBER(D12),D12/SUM($B12:$N12),"") -> 0.028240346 | U12: =IF(ISNUMBER(E12),E12/SUM($B12:$N12),"") | V12: =IF(ISNUMBER(F12),F12/SUM($B12:$N12),"") | W12: =IF(ISNUMBER(G12),G12/SUM($B12:$N12),"") | X12: =IF(ISNUMBER(H12),H12/SUM($B12:$N12),"") -> 0.074911328 | Y12: =IF(ISNUMBER(I12),I12/SUM($B12:$N12),"") -> 0.035420439 | ... AD12: =IF(ISNUMBER(N12),N12/SUM($B12:$N12),"") | AE12: =SUM(R12:AD12) -> 1
A13: 1850 | B13: =IF(identifiers!B13=1,GBR!O13,"") -> 0.49380701 | C13: =IF(identifiers!C13=1,FRA!P13,"") -> 0.12508108 | D13: =IF(identifiers!D13=1,DEU!O13,"") -> 0.034576887 | E13: =IF(identifiers!E13=1,ITA!N13,"") | F13: =IF(identifiers!F13=1,CAN!O13,"") | G13: =IF(identifiers!G13=1,CHE!N13,"") | H13: =IF(identifiers!H13=1,BEL!N13,"") -> 0.046568771 | I13: =IF(identifiers!I13=1,NLD!N13,"") -> 0.017750397 | J13: =IF(identifiers!J13=1,PRT!N13,"") | K13: =IF(identifiers!K13=1,ESP!N13,"") -> 0.023589923 | L13: =IF(identifiers!L13=1,JPN!O13,"") | M13: =IF(identifiers!M13=1,MEX!O13,"") | N13: =IF(identifiers!N13=1,BRA!O13,"") | O13: =SUM(B13:N13) -> 0.74137408 | Q13: 1850 | R13: =IF(ISNUMBER(B13),B13/SUM($B13:$N13),"") -> 0.66606998 | S13: =IF(ISNUMBER(C13),C13/SUM($B13:$N13),"") -> 0.16871521 | T13: =IF(ISNUMBER(D13),D13/SUM($B13:$N13),"") -> 0.046638921 | U13: =IF(ISNUMBER(E13),E13/SUM($B13:$N13),"") | V13: =IF(ISNUMBER(F13),F13/SUM($B13:$N13),"") | W13: =IF(ISNUMBER(G13),G13/SUM($B13:$N13),"") | X13: =IF(ISNUMBER(H13),H13/SUM($B13:$N13),"") -> 0.062814135 | Y13: =IF(ISNUMBER(I13),I13/SUM($B13:$N13),"") -> 0.023942565 | ... AD13: =IF(ISNUMBER(N13),N13/SUM($B13:$N13),"") | AE13: =SUM(R13:AD13) -> 1
A14: 1851 | B14: =IF(identifiers!B14=1,GBR!O14,"") -> 0.53520599 | C14: =IF(identifiers!C14=1,FRA!P14,"") -> 0.11118319 | D14: =IF(identifiers!D14=1,DEU!O14,"") -> 0.031613154 | E14: =IF(identifiers!E14=1,ITA!N14,"") | F14: =IF(identifiers!F14=1,CAN!O14,"") | G14: =IF(identifiers!G14=1,CHE!N14,"") | H14: =IF(identifiers!H14=1,BEL!N14,"") -> 0.024799278 | I14: =IF(identifiers!I14=1,NLD!N14,"") -> 0.013604031 | J14: =IF(identifiers!J14=1,PRT!N14,"") | K14: =IF(identifiers!K14=1,ESP!N14,"") -> 0.016923758 | L14: =IF(identifiers!L14=1,JPN!O14,"") | M14: =IF(identifiers!M14=1,MEX!O14,"") | N14: =IF(identifiers!N14=1,BRA!O14,"") | O14: =SUM(B14:N14) -> 0.7333294 | Q14: 1851 | R14: =IF(ISNUMBER(B14),B14/SUM($B14:$N14),"") -> 0.72983027 | S14: =IF(ISNUMBER(C14),C14/SUM($B14:$N14),"") -> 0.15161425 | T14: =IF(ISNUMBER(D14),D14/SUM($B14:$N14),"") -> 0.043109078 | U14: =IF(ISNUMBER(E14),E14/SUM($B14:$N14),"") | V14: =IF(ISNUMBER(F14),F14/SUM($B14:$N14),"") | W14: =IF(ISNUMBER(G14),G14/SUM($B14:$N14),"") | X14: =IF(ISNUMBER(H14),H14/SUM($B14:$N14),"") -> 0.033817378 | Y14: =IF(ISNUMBER(I14),I14/SUM($B14:$N14),"") -> 0.01855105 | ... AD14: =IF(ISNUMBER(N14),N14/SUM($B14:$N14),"") | AE14: =SUM(R14:AD14) -> 1
... A187: 2024 | B187: =IF(identifiers!B187=1,GBR!O187,"") -> 0.038576134 | C187: =IF(identifiers!C187=1,FRA!P187,"") -> 0.021122338 | D187: =IF(identifiers!D187=1,DEU!O187,"") -> 0.036729102 | E187: =IF(identifiers!E187=1,ITA!N187,"") -> 0.015694522 | F187: =IF(identifiers!F187=1,CAN!O187,"") -> 0.16971903 | G187: =IF(identifiers!G187=1,CHE!N187,"") -> 0.01214673 | H187: =IF(identifiers!H187=1,BEL!N187,"") -> 0.016588569 | I187: =IF(identifiers!I187=1,NLD!N187,"") -> 0.042791422 | J187: =IF(identifiers!J187=1,PRT!N187,"") -> 0.0014344004 | K187: =IF(identifiers!K187=1,ESP!N187,"") -> 0.011962099 | L187: =IF(identifiers!L187=1,JPN!O187,"") -> 0.038307588 | M187: =IF(identifiers!M187=1,MEX!O187,"") -> 0.16201844 | N187: =IF(identifiers!N187=1,BRA!O187,"") | O187: =SUM(B187:N187) -> 0.56709038 | Q187: 2024 | R187: =IF(ISNUMBER(B187),B187/SUM($B187:$N187),"") -> 0.068024668 | S187: =IF(ISNUMBER(C187),C187/SUM($B187:$N187),"") -> 0.037246865 | T187: =IF(ISNUMBER(D187),D187/SUM($B187:$N187),"") -> 0.064767634 | U187: =IF(ISNUMBER(E187),E187/SUM($B187:$N187),"") -> 0.027675521 | V187: =IF(ISNUMBER(F187),F187/SUM($B187:$N187),"") -> 0.29928039 | W187: =IF(ISNUMBER(G187),G187/SUM($B187:$N187),"") -> 0.021419389 | X187: =IF(ISNUMBER(H187),H187/SUM($B187:$N187),"") -> 0.029252073 | Y187: =IF(ISNUMBER(I187),I187/SUM($B187:$N187),"") -> 0.075457853 | ... AD187: =IF(ISNUMBER(N187),N187/SUM($B187:$N187),"") | AE187: =SUM(R187:AD187) -> 1

Sheet identifiers
A1: Equals 1 if export weight and tau is not missing, 0 otherwise
A2: year | B2: GBR | C2: FRA | D2: DEU | E2: ITA | F2: CAN | G2: CHE | H2: BEL | I2: NLD | J2: PRT | K2: ESP | L2: JPN | M2: MEX | N2: BRA
A3: 1840 | B3: =GBR!R3 -> 1 | C3: =FRA!S3 -> 1 | D3: =DEU!R3 -> 0 | E3: =ITA!Q3 -> 0 | F3: =CAN!R3 -> 0 | G3: =CHE!Q3 -> 0 | H3: =BEL!Q3 -> 0 | I3: =NLD!Q3 -> 0 | J3: =PRT!Q3 -> 0 | K3: =ESP!Q3 -> 0 | L3: =JPN!R3 -> 0 | M3: =MEX!R3 -> 0 | N3: =BRA!R3 -> 0
A4: 1841 | B4: =GBR!R4 -> 1 | C4: =FRA!S4 -> 1 | D4: =DEU!R4 -> 0 | E4: =ITA!Q4 -> 0 | F4: =CAN!R4 -> 0 | G4: =CHE!Q4 -> 0 | H4: =BEL!Q4 -> 0 | I4: =NLD!Q4 -> 0 | J4: =PRT!Q4 -> 0 | K4: =ESP!Q4 -> 0 | L4: =JPN!R4 -> 0 | M4: =MEX!R4 -> 0 | N4: =BRA!R4 -> 0
A5: 1842 | B5: =GBR!R5 -> 1 | C5: =FRA!S5 -> 1 | D5: =DEU!R5 -> 0 | E5: =ITA!Q5 -> 0 | F5: =CAN!R5 -> 0 | G5: =CHE!Q5 -> 0 | H5: =BEL!Q5 -> 0 | I5: =NLD!Q5 -> 0 | J5: =PRT!Q5 -> 0 | K5: =ESP!Q5 -> 0 | L5: =JPN!R5 -> 0 | M5: =MEX!R5 -> 0 | N5: =BRA!R5 -> 0
A6: 1843 | B6: =GBR!R6 -> 1 | C6: =FRA!S6 -> 1 | D6: =DEU!R6 -> 0 | E6: =ITA!Q6 -> 0 | F6: =CAN!R6 -> 0 | G6: =CHE!Q6 -> 0 | H6: =BEL!Q6 -> 0 | I6: =NLD!Q6 -> 0 | J6: =PRT!Q6 -> 0 | K6: =ESP!Q6 -> 0 | L6: =JPN!R6 -> 0 | M6: =MEX!R6 -> 0 | N6: =BRA!R6 -> 0
A7: 1844 | B7: =GBR!R7 -> 1 | C7: =FRA!S7 -> 1 | D7: =DEU!R7 -> 0 | E7: =ITA!Q7 -> 0 | F7: =CAN!R7 -> 0 | G7: =CHE!Q7 -> 0 | H7: =BEL!Q7 -> 0 | I7: =NLD!Q7 -> 0 | J7: =PRT!Q7 -> 0 | K7: =ESP!Q7 -> 0 | L7: =JPN!R7 -> 0 | M7: =MEX!R7 -> 0 | N7: =BRA!R7 -> 0
A8: 1845 | B8: =GBR!R8 -> 1 | C8: =FRA!S8 -> 1 | D8: =DEU!R8 -> 0 | E8: =ITA!Q8 -> 0 | F8: =CAN!R8 -> 0 | G8: =CHE!Q8 -> 0 | H8: =BEL!Q8 -> 0 | I8: =NLD!Q8 -> 0 | J8: =PRT!Q8 -> 0 | K8: =ESP!Q8 -> 0 | L8: =JPN!R8 -> 0 | M8: =MEX!R8 -> 0 | N8: =BRA!R8 -> 0
A9: 1846 | B9: =GBR!R9 -> 1 | C9: =FRA!S9 -> 1 | D9: =DEU!R9 -> 0 | E9: =ITA!Q9 -> 0 | F9: =CAN!R9 -> 0 | G9: =CHE!Q9 -> 0 | H9: =BEL!Q9 -> 1 | I9: =NLD!Q9 -> 1 | J9: =PRT!Q9 -> 0 | K9: =ESP!Q9 -> 0 | L9: =JPN!R9 -> 0 | M9: =MEX!R9 -> 0 | N9: =BRA!R9 -> 0
A10: 1847 | B10: =GBR!R10 -> 1 | C10: =FRA!S10 -> 1 | D10: =DEU!R10 -> 1 | E10: =ITA!Q10 -> 0 | F10: =CAN!R10 -> 0 | G10: =CHE!Q10 -> 0 | H10: =BEL!Q10 -> 1 | I10: =NLD!Q10 -> 1 | J10: =PRT!Q10 -> 0 | K10: =ESP!Q10 -> 0 | L10: =JPN!R10 -> 0 | M10: =MEX!R10 -> 0 | N10: =BRA!R10 -> 0
A11: 1848 | B11: =GBR!R11 -> 1 | C11: =FRA!S11 -> 1 | D11: =DEU!R11 -> 1 | E11: =ITA!Q11 -> 0 | F11: =CAN!R11 -> 0 | G11: =CHE!Q11 -> 0 | H11: =BEL!Q11 -> 1 | I11: =NLD!Q11 -> 1 | J11: =PRT!Q11 -> 0 | K11: =ESP!Q11 -> 0 | L11: =JPN!R11 -> 0 | M11: =MEX!R11 -> 0 | N11: =BRA!R11 -> 0
A12: 1849 | B12: =GBR!R12 -> 1 | C12: =FRA!S12 -> 1 | D12: =DEU!R12 -> 1 | E12: =ITA!Q12 -> 0 | F12: =CAN!R12 -> 0 | G12: =CHE!Q12 -> 0 | H12: =BEL!Q12 -> 1 | I12: =NLD!Q12 -> 1 | J12: =PRT!Q12 -> 0 | K12: =ESP!Q12 -> 0 | L12: =JPN!R12 -> 0 | M12: =MEX!R12 -> 0 | N12: =BRA!R12 -> 0
A13: 1850 | B13: =GBR!R13 -> 1 | C13: =FRA!S13 -> 1 | D13: =DEU!R13 -> 1 | E13: =ITA!Q13 -> 0 | F13: =CAN!R13 -> 0 | G13: =CHE!Q13 -> 0 | H13: =BEL!Q13 -> 1 | I13: =NLD!Q13 -> 1 | J13: =PRT!Q13 -> 0 | K13: =ESP!Q13 -> 1 | L13: =JPN!R13 -> 0 | M13: =MEX!R13 -> 0 | N13: =BRA!R13 -> 0
A14: 1851 | B14: =GBR!R14 -> 1 | C14: =FRA!S14 -> 1 | D14: =DEU!R14 -> 1 | E14: =ITA!Q14 -> 0 | F14: =CAN!R14 -> 0 | G14: =CHE!Q14 -> 0 | H14: =BEL!Q14 -> 1 | I14: =NLD!Q14 -> 1 | J14: =PRT!Q14 -> 0 | K14: =ESP!Q14 -> 1 | L14: =JPN!R14 -> 0 | M14: =MEX!R14 -> 0 | N14: =BRA!R14 -> 0
... A187: 2024 | B187: =GBR!R187 -> 1 | C187: =FRA!S187 -> 1 | D187: =DEU!R187 -> 1 | E187: =ITA!Q187 -> 1 | F187: =CAN!R187 -> 1 | G187: =CHE!Q187 -> 1 | H187: =BEL!Q187 -> 1 | I187: =NLD!Q187 -> 1 | J187: =PRT!Q187 -> 1 | K187: =ESP!Q187 -> 1 | L187: =JPN!R187 -> 1 | M187: =MEX!R187 -> 1 | N187: =BRA!R187 -> 0

Sheet GBR
A1: GBR | B1: Avg tariff rate | G1: Export shares
A2: year | B2: tau_gbr_Imlah | C2: tau_gbr_tradhist | D2: tau_gbr_oecd | E2: tau_gbr_own | G2: year | H2: xpshr_gbr_tradhist | I2: total_exports_hsus | J2: exports_hsus | K2: xpshr_gbr_hsus | L2: total_exports_usitc | M2: exports_usitc | N2: xpshr_gbr_usitc | O2: xpshr_gbr_own | Q2: year | R2: Identifier
A3: 1840 | B3: 24.988867 | C3: 25.4386 | E3: =B3 -> 24.988867 | G3: 1840 | H3: 0.4838587 | I3: 124 | J3: 55 | K3: =J3/I3 -> 0.44354839 | O3: =K3/K4*O4 -> 0.44422439 | Q3: 1840 | R3: =ISNUMBER(O3)*ISNUMBER(E3) -> 1
A4: 1841 | B4: 26.810364 | C4: 27.89035 | E4: =B4 -> 26.810364 | G4: 1841 | H4: 0.451923 | I4: 112 | J4: 47 | K4: =J4/I4 -> 0.41964286 | O4: =K4/K5*O5 -> 0.42028243 | Q4: 1841 | R4: =ISNUMBER(O4)*ISNUMBER(E4) -> 1
A5: 1842 | B5: 29.552366 | C5: 30.75916 | E5: =B5 -> 29.552366 | G5: 1842 | H5: 0.4347826 | I5: 100 | J5: 40 | K5: =J5/I5 -> 0.4 | O5: =K5/K6*O6 -> 0.40060963 | Q5: 1842 | R5: =ISNUMBER(O5)*ISNUMBER(E5) -> 1
A6: 1843 | B6: 31.120124 | C6: 31.83099 | E6: =B6 -> 31.120124 | G6: 1843 | H6: 0.525641 | I6: 83 | J6: 41 | K6: =J6/I6 -> 0.4939759 | O6: =K6/K7*O7 -> 0.49472876 | Q6: 1843 | R6: =ISNUMBER(O6)*ISNUMBER(E6) -> 1
A7: 1844 | B7: 29.617214 | C7: 28.64385 | E7: =B7 -> 29.617214 | G7: 1844 | H7: 0.49 | I7: 106 | J7: 49 | K7: =J7/I7 -> 0.46226415 | O7: =K7/K8*O8 -> 0.46296868 | Q7: 1844 | R7: =ISNUMBER(O7)*ISNUMBER(E7) -> 1
A8: 1845 | B8: 27.585237 | C8: 27.26244 | E8: =B8 -> 27.585237 | G8: 1845 | H8: 0.4591837 | I8: 106 | J8: 45 | K8: =J8/I8 -> 0.4245283 | O8: =K8/K9*O9 -> 0.42517532 | Q8: 1845 | R8: =ISNUMBER(O8)*ISNUMBER(E8) -> 1
A9: 1846 | B9: 25.79171 | C9: 24.97136 | E9: =B9 -> 25.79171 | G9: 1846 | H9: 0.4509804 | I9: 110 | J9: 46 | K9: =J9/I9 -> 0.41818182 | O9: =K9/K10*O10 -> 0.41881916 | Q9: 1846 | R9: =ISNUMBER(O9)*ISNUMBER(E9) -> 1
A10: 1847 | B10: 22.103578 | C10: 19.80375 | E10: =B10 -> 22.103578 | G10: 1847 | H10: 0.5761589 | I10: 157 | J10: 87 | K10: =J10/I10 -> 0.55414013 | O10: =K10/K11*O11 -> 0.55498468 | Q10: 1847 | R10: =ISNUMBER(O10)*ISNUMBER(E10) -> 1
A11: 1848 | B11: 22.543923 | C11: 24.60317 | E11: =B11 -> 22.543923 | G11: 1848 | H11: 0.5153846 | I11: 138 | J11: 67 | K11: =J11/I11 -> 0.48550725 | O11: =K11/K12*O12 -> 0.4862472 | Q11: 1848 | R11: =ISNUMBER(O11)*ISNUMBER(E11) -> 1
A12: 1849 | B12: 22.799946 | C12: 22.28797 | E12: =B12 -> 22.799946 | G12: 1849 | H12: 0.5909091 | I12: 140 | J12: 78 | K12: =J12/I12 -> 0.55714286 | O12: =K12/K13*O13 -> 0.55799199 | Q12: 1849 | R12: =ISNUMBER(O12)*ISNUMBER(E12) -> 1
A13: 1850 | B13: 21.537061 | C13: 21.65049 | E13: =B13 -> 21.537061 | G13: 1850 | H13: 0.5259259 | I13: 144 | J13: 71 | K13: =J13/I13 -> 0.49305556 | O13: =K13/K14*O14 -> 0.49380701 | Q13: 1850 | R13: =ISNUMBER(O13)*ISNUMBER(E13) -> 1
A14: 1851 | B14: 20.564321 | C14: 20.09132 | E14: =B14 -> 20.564321 | G14: 1851 | H14: 0.5642458 | I14: 189 | J14: 101 | K14: =J14/I14 -> 0.53439153 | O14: =K14/K15*O15 -> 0.53520599 | Q14: 1851 | R14: =ISNUMBER(O14)*ISNUMBER(E14) -> 1
... A127: 1964 | B127: 3.8326253 | C127: 3.704403 | E127: =B127 -> 3.8326253 | G127: 1964 | H127: 0.0578615 | I127: 26508 | J127: 1532 | K127: =J127/I127 -> 0.057793874 | O127: =K127/K128*O128 -> 0.057881956 | Q127: 1964 | R127: =ISNUMBER(O127)*ISNUMBER(E127) -> 1
A128: 1965 | B128: 5.5080558 | C128: 6.022903 | D128: =INDEX('OECD tau'!$AT$10:$BM$69,MATCH($A128,'OECD tau'!$AS$10:$AS$69,0),MATCH($A$1,'OECD tau'!$AT$8:$BM$8,0)) -> 5.9548611 | E128: =B128 -> 5.5080558 | G128: 1965 | H128: 0.0586385 | I128: 27470 | J128: 1615 | K128: =J128/I128 -> 0.058791409 | O128: =K128/K129*O129 -> 0.058881012 | Q128: 1965 | R128: =ISNUMBER(O128)*ISNUMBER(E128) -> 1
A129: 1966 | B129: 5.6494739 | C129: 5.291599 | D129: =INDEX('OECD tau'!$AT$10:$BM$69,MATCH($A129,'OECD tau'!$AS$10:$AS$69,0),MATCH($A$1,'OECD tau'!$AT$8:$BM$8,0)) -> 5.2923387 | E129: =B129 -> 5.6494739 | G129: 1966 | H129: 0.056153 | I129: 30320 | J129: 1737 | K129: =J129/I129 -> 0.057288918 | O129: =K129/K130*O130 -> 0.057376231 | Q129: 1966 | R129: =ISNUMBER(O129)*ISNUMBER(E129) -> 1
A130: 1967 | B130: 3.7567409 | C130: 2.576738 | D130: =INDEX('OECD tau'!$AT$10:$BM$69,MATCH($A130,'OECD tau'!$AS$10:$AS$69,0),MATCH($A$1,'OECD tau'!$AT$8:$BM$8,0)) -> 2.9347826 | E130: =B130 -> 3.7567409 | G130: 1967 | H130: 0.0600905 | I130: 31526 | J130: 1960 | K130: =J130/I130 -> 0.062170907 | O130: =K130/K131*O131 -> 0.06226566 | Q130: 1967 | R130: =ISNUMBER(O130)*ISNUMBER(E130) -> 1
A131: 1968 | B131: 2.6972884 | C131: 2.786885 | D131: =INDEX('OECD tau'!$AT$10:$BM$69,MATCH($A131,'OECD tau'!$AS$10:$AS$69,0),MATCH($A$1,'OECD tau'!$AT$8:$BM$8,0)) -> 2.8101266 | E131: =B131 -> 2.6972884 | G131: 1968 | H131: 0.063669 | I131: 34636 | J131: 2289 | K131: =J131/I131 -> 0.066087308 | O131: =K131/K132*O132 -> 0.066188031 | Q131: 1968 | R131: =ISNUMBER(O131)*ISNUMBER(E131) -> 1
A132: 1969 | B132: 2.7292402 | C132: 2.645808 | D132: =INDEX('OECD tau'!$AT$10:$BM$69,MATCH($A132,'OECD tau'!$AS$10:$AS$69,0),MATCH($A$1,'OECD tau'!$AT$8:$BM$8,0)) -> 2.6451846 | E132: =B132 -> 2.7292402 | G132: 1969 | H132: 0.0594281 | I132: 38006 | J132: 2335 | K132: =J132/I132 -> 0.061437668 | O132: =K132/K133*O133 -> 0.061531304 | Q132: 1969 | R132: =ISNUMBER(O132)*ISNUMBER(E132) -> 1
A133: 1970 | B133: 2.8417802 | C133: 2.749997 | D133: =INDEX('OECD tau'!$AT$10:$BM$69,MATCH($A133,'OECD tau'!$AS$10:$AS$69,0),MATCH($A$1,'OECD tau'!$AT$8:$BM$8,0)) -> 2.6559014 | E133: =B133 -> 2.8417802 | G133: 1970 | H133: 0.0570267 | I133: 43224 | J133: 2536 | K133: =J133/I133 -> 0.058671109 | O133: =K133/K134*O134 -> 0.058760528 | Q133: 1970 | R133: =ISNUMBER(O133)*ISNUMBER(E133) -> 1
A134: 1971 | B134: 2.8205744 | C134: 2.812207 | D134: =INDEX('OECD tau'!$AT$10:$BM$69,MATCH($A134,'OECD tau'!$AS$10:$AS$69,0),MATCH($A$1,'OECD tau'!$AT$8:$BM$8,0)) -> 2.6592578 | E134: =B134 -> 2.8205744 | G134: 1971 | H134: 0.0577899 | I134: 44130 | J134: 2369 | K134: =J134/I134 -> 0.053682302 | O134: =K134/K135*O135 -> 0.053764119 | Q134: 1971 | R134: =ISNUMBER(O134)*ISNUMBER(E134) -> 1
A135: 1972 | B135: 3.0629141 | C135: 2.930185 | D135: =INDEX('OECD tau'!$AT$10:$BM$69,MATCH($A135,'OECD tau'!$AS$10:$AS$69,0),MATCH($A$1,'OECD tau'!$AT$8:$BM$8,0)) -> 3.1070704 | E135: =B135 -> 3.0629141 | G135: 1972 | H135: 0.0576833 | I135: 49779 | J135: 2658 | K135: =J135/I135 -> 0.05339601 | O135: =K135/K136*O136 -> 0.05347739 | Q135: 1972 | R135: =ISNUMBER(O135)*ISNUMBER(E135) -> 1
A136: 1973 | B136: 3.8028534 | C136: 4.219157 | D136: =INDEX('OECD tau'!$AT$10:$BM$69,MATCH($A136,'OECD tau'!$AS$10:$AS$69,0),MATCH($A$1,'OECD tau'!$AT$8:$BM$8,0)) -> 4.4469288 | E136: =B136 -> 3.8028534 | G136: 1973 | H136: 0.0551165 | I136: 71339 | J136: 3564 | K136: =J136/I136 -> 0.049958648 | O136: =K136/K137*O137 -> 0.050034789 | Q136: 1973 | R136: =ISNUMBER(O136)*ISNUMBER(E136) -> 1
A137: 1974 | B137: 3.365664 | C137: 2.285211 | D137: =INDEX('OECD tau'!$AT$10:$BM$69,MATCH($A137,'OECD tau'!$AS$10:$AS$69,0),MATCH($A$1,'OECD tau'!$AT$8:$BM$8,0)) -> 2.2744665 | E137: =B137 -> 3.365664 | G137: 1974 | H137: 0.0525137 | I137: 98507 | J137: 4574 | K137: =J137/I137 -> 0.046433248 | O137: =K137/K138*O138 -> 0.046504016 | Q137: 1974 | R137: =ISNUMBER(O137)*ISNUMBER(E137) -> 1
A138: 1975 | B138: 2.2163941 | C138: 2.014378 | D138: =INDEX('OECD tau'!$AT$10:$BM$69,MATCH($A138,'OECD tau'!$AS$10:$AS$69,0),MATCH($A$1,'OECD tau'!$AT$8:$BM$8,0)) -> 2.2078665 | E138: =B138 -> 2.2163941 | G138: 1975 | H138: 0.0484996 | I138: 107592 | J138: 4527 | K138: =J138/I138 -> 0.042075619 | O138: =K138/K139*O139 -> 0.042139746 | Q138: 1975 | R138: =ISNUMBER(O138)*ISNUMBER(E138) -> 1
A139: 1976 | B139: 2.0508564 | C139: 1.997878 | D139: =INDEX('OECD tau'!$AT$10:$BM$69,MATCH($A139,'OECD tau'!$AS$10:$AS$69,0),MATCH($A$1,'OECD tau'!$AT$8:$BM$8,0)) -> 2.0670778 | E139: =B139 -> 2.0508564 | G139: 1976 | H139: 0.0482269 | I139: 114992 | J139: 4801 | K139: =J139/I139 -> 0.04175073 | O139: =K139/K140*O140 -> 0.041814362 | Q139: 1976 | R139: =ISNUMBER(O139)*ISNUMBER(E139) -> 1
... A151: 1988 | B151: 1.8868831 | C151: 1.731186 | D151: =INDEX('OECD tau'!$AT$10:$BM$69,MATCH($A151,'OECD tau'!$AS$10:$AS$69,0),MATCH($A$1,'OECD tau'!$AT$8:$BM$8,0)) -> 1.7032338 | E151: =B151 -> 1.8868831 | G151: 1988 | H151: 0.0581223 | I151: 322426 | J151: 18364 | K151: =J151/I151 -> 0.056955705 | O151: =K151/K152*O152 -> 0.05704251 | Q151: 1988 | R151: =ISNUMBER(O151)*ISNUMBER(E151) -> 1
A152: 1989 | B152: 1.6725487 | C152: 1.557322 | D152: =INDEX('OECD tau'!$AT$10:$BM$69,MATCH($A152,'OECD tau'!$AS$10:$AS$69,0),MATCH($A$1,'OECD tau'!$AT$8:$BM$8,0)) -> 1.5833798 | E152: =B152 -> 1.6725487 | G152: 1989 | H152: 0.0597375 | I152: 363812 | J152: 20837 | K152: =J152/I152 -> 0.057274087 | L152: 363765.5 | M152: 20866.09 | N152: =M152/L152 -> 0.057361377 | O152: =N152 -> 0.057361377 | Q152: 1989 | R152: =ISNUMBER(O152)*ISNUMBER(E152) -> 1
A153: 1990 | B153: 1.5655022 | C153: 1.589478 | D153: =INDEX('OECD tau'!$AT$10:$BM$69,MATCH($A153,'OECD tau'!$AS$10:$AS$69,0),MATCH($A$1,'OECD tau'!$AT$8:$BM$8,0)) -> 1.4569305 | E153: =B153 -> 1.5655022 | G153: 1990 | H153: 0.0616041 | I153: 393592 | J153: 23049 | K153: =J153/I153 -> 0.058560641 | L153: 392975.79 | M153: 23484.08 | N153: =M153/L153 -> 0.05975961 | O153: =N153 -> 0.05975961 | Q153: 1990 | R153: =ISNUMBER(O153)*ISNUMBER(E153) -> 1
A154: 1991 | B154: 1.7074279 | C154: 1.697741 | D154: =INDEX('OECD tau'!$AT$10:$BM$69,MATCH($A154,'OECD tau'!$AS$10:$AS$69,0),MATCH($A$1,'OECD tau'!$AT$8:$BM$8,0)) -> 1.6034188 | E154: =B154 -> 1.7074279 | G154: 1991 | H154: 0.0543612 | I154: 421730 | J154: 22046 | K154: =J154/I154 -> 0.052275152 | L154: 421853.58 | M154: 22063.59 | N154: =M154/L154 -> 0.052301536 | O154: =N154 -> 0.052301536 | Q154: 1991 | R154: =ISNUMBER(O154)*ISNUMBER(E154) -> 1
A155: 1992 | B155: 1.6489066 | C155: 1.324107 | D155: =INDEX('OECD tau'!$AT$10:$BM$69,MATCH($A155,'OECD tau'!$AS$10:$AS$69,0),MATCH($A$1,'OECD tau'!$AT$8:$BM$8,0)) -> 1.5436929 | E155: =B155 -> 1.6489066 | G155: 1992 | H155: 0.0509426 | I155: 448164 | J155: 22800 | K155: =J155/I155 -> 0.050874234 | L155: 447471.02 | M155: 22808.2 | N155: =M155/L155 -> 0.050971346 | O155: =N155 -> 0.050971346 | Q155: 1992 | R155: =ISNUMBER(O155)*ISNUMBER(E155) -> 1
A156: 1993 | B156: 1.3911341 | C156: 1.565047 | D156: =INDEX('OECD tau'!$AT$10:$BM$69,MATCH($A156,'OECD tau'!$AS$10:$AS$69,0),MATCH($A$1,'OECD tau'!$AT$8:$BM$8,0)) -> 1.5949947 | E156: =B156 -> 1.3911341 | G156: 1993 | H156: 0.0498644 | I156: 465091 | J156: 26438 | K156: =J156/I156 -> 0.05684479 | L156: 464858.41 | M156: 26375.94 | N156: =M156/L156 -> 0.056739729 | O156: =N156 -> 0.056739729 | Q156: 1993 | R156: =ISNUMBER(O156)*ISNUMBER(E156) -> 1
A157: 1994 | B157: 1.4179993 | C157: 1.472948 | D157: =INDEX('OECD tau'!$AT$10:$BM$69,MATCH($A157,'OECD tau'!$AS$10:$AS$69,0),MATCH($A$1,'OECD tau'!$AT$8:$BM$8,0)) -> 1.4237297 | E157: =B157 -> 1.4179993 | G157: 1994 | H157: 0.0488439 | I157: 512627 | J157: 26900 | K157: =J157/I157 -> 0.052474801 | L157: 512415.61 | M157: 26832.72 | N157: =M157/L157 -> 0.052365149 | O157: =N157 -> 0.052365149 | Q157: 1994 | R157: =ISNUMBER(O157)*ISNUMBER(E157) -> 1
A158: 1995 | B158: 1.556829 | C158: 1.451329 | D158: =INDEX('OECD tau'!$AT$10:$BM$69,MATCH($A158,'OECD tau'!$AS$10:$AS$69,0),MATCH($A$1,'OECD tau'!$AT$8:$BM$8,0)) -> 1.4492155 | E158: =B158 -> 1.556829 | G158: 1995 | H158: 0.0500691 | I158: 584742 | J158: 28857 | K158: =J158/I158 -> 0.04934997 | L158: 582119.67 | M158: 28826.89 | N158: =M158/L158 -> 0.049520556 | O158: =N158 -> 0.049520556 | Q158: 1995 | R158: =ISNUMBER(O158)*ISNUMBER(E158) -> 1
A159: 1996 | B159: 1.4609486 | C159: 1.389438 | D159: =INDEX('OECD tau'!$AT$10:$BM$69,MATCH($A159,'OECD tau'!$AS$10:$AS$69,0),MATCH($A$1,'OECD tau'!$AT$8:$BM$8,0)) -> 1.2452123 | E159: =B159 -> 1.4609486 | G159: 1996 | H159: 0.051925 | I159: 625075 | J159: 30963 | K159: =J159/I159 -> 0.049534856 | L159: 622827.06 | M159: 30916 | N159: =M159/L159 -> 0.049638177 | O159: =N159 -> 0.049638177 | Q159: 1996 | R159: =ISNUMBER(O159)*ISNUMBER(E159) -> 1
A160: 1997 | B160: 1.4354006 | C160: 1.248237 | D160: =INDEX('OECD tau'!$AT$10:$BM$69,MATCH($A160,'OECD tau'!$AS$10:$AS$69,0),MATCH($A$1,'OECD tau'!$AT$8:$BM$8,0)) -> 1.2114834 | E160: =B160 -> 1.4354006 | G160: 1997 | H160: 0.05613 | I160: 689182 | J160: 36425 | K160: =J160/I160 -> 0.052852512 | L160: 687598 | M160: 36435.09 | N160: =M160/L160 -> 0.052988941 | O160: =N160 -> 0.052988941 | Q160: 1997 | R160: =ISNUMBER(O160)*ISNUMBER(E160) -> 1
A161: 1998 | C161: 0.1559299 | D161: =INDEX('OECD tau'!$AT$10:$BM$69,MATCH($A161,'OECD tau'!$AS$10:$AS$69,0),MATCH($A$1,'OECD tau'!$AT$8:$BM$8,0)) -> 1.1013286 | E161: =D161 -> 1.1013286 | G161: 1998 | H161: 0.0582118 | I161: 682138 | J161: 39058 | K161: =J161/I161 -> 0.057258209 | L161: 680474.25 | M161: 39070.2 | N161: =M161/L161 -> 0.057416133 | O161: =N161 -> 0.057416133 | Q161: 1998 | R161: =ISNUMBER(O161)*ISNUMBER(E161) -> 1
A162: 1999 | C162: 0.1584253 | D162: =INDEX('OECD tau'!$AT$10:$BM$69,MATCH($A162,'OECD tau'!$AS$10:$AS$69,0),MATCH($A$1,'OECD tau'!$AT$8:$BM$8,0)) -> 1.0325361 | E162: =D162 -> 1.0325361 | G162: 1999 | H162: 0.0550308 | I162: 695797 | J162: 38407 | K162: =J162/I162 -> 0.055198571 | L162: 692820.62 | M162: 38337.79 | N162: =M162/L162 -> 0.05533581 | O162: =N162 -> 0.05533581 | Q162: 1999 | R162: =ISNUMBER(O162)*ISNUMBER(E162) -> 1
A163: 2000 | C163: 0.1272159 | D163: =INDEX('OECD tau'!$AT$10:$BM$69,MATCH($A163,'OECD tau'!$AS$10:$AS$69,0),MATCH($A$1,'OECD tau'!$AT$8:$BM$8,0)) -> 0.93987249 | E163: =D163 -> 0.93987249 | G163: 2000 | H163: 0.0547095 | I163: 781918 | J163: 41570 | K163: =J163/I163 -> 0.053164143 | L163: 780418.63 | M163: 41579.36 | N163: =M163/L163 -> 0.053278277 | O163: =N163 -> 0.053278277 | Q163: 2000 | R163: =ISNUMBER(O163)*ISNUMBER(E163) -> 1
A164: 2001 | C164: 0.1284501 | D164: =INDEX('OECD tau'!$AT$10:$BM$69,MATCH($A164,'OECD tau'!$AS$10:$AS$69,0),MATCH($A$1,'OECD tau'!$AT$8:$BM$8,0)) -> 0.90002266 | E164: =D164 -> 0.90002266 | G164: 2001 | H164: 0.059039 | I164: 729100 | J164: 40714 | K164: =J164/I164 -> 0.055841448 | L164: 731025.91 | M164: 40797.92 | N164: =M164/L164 -> 0.05580913 | O164: =N164 -> 0.05580913 | Q164: 2001 | R164: =ISNUMBER(O164)*ISNUMBER(E164) -> 1
A165: 2002 | C165: 0.1267467 | D165: =INDEX('OECD tau'!$AT$10:$BM$69,MATCH($A165,'OECD tau'!$AS$10:$AS$69,0),MATCH($A$1,'OECD tau'!$AT$8:$BM$8,0)) -> 0.84646217 | E165: =D165 -> 0.84646217 | G165: 2002 | H165: 0.0545938 | L165: 693257.3 | M165: 33253.09 | N165: =M165/L165 -> 0.047966448 | O165: =N165 -> 0.047966448 | Q165: 2002 | R165: =ISNUMBER(O165)*ISNUMBER(E165) -> 1
A166: 2003 | C166: 0.1224895 | D166: =INDEX('OECD tau'!$AT$10:$BM$69,MATCH($A166,'OECD tau'!$AS$10:$AS$69,0),MATCH($A$1,'OECD tau'!$AT$8:$BM$8,0)) -> 0.82273658 | E166: =D166 -> 0.82273658 | G166: 2003 | H166: 0.0514369 | L166: 723743.18 | M166: 33895.38 | N166: =M166/L166 -> 0.046833436 | O166: =N166 -> 0.046833436 | Q166: 2003 | R166: =ISNUMBER(O166)*ISNUMBER(E166) -> 1
A167: 2004 | C167: 0.1209452 | D167: =INDEX('OECD tau'!$AT$10:$BM$69,MATCH($A167,'OECD tau'!$AS$10:$AS$69,0),MATCH($A$1,'OECD tau'!$AT$8:$BM$8,0)) -> 0.87632332 | E167: =D167 -> 0.87632332 | G167: 2004 | H167: 0.0490423 | L167: 816547.62 | M167: 35959.85 | N167: =M167/L167 -> 0.044038889 | O167: =N167 -> 0.044038889 | Q167: 2004 | R167: =ISNUMBER(O167)*ISNUMBER(E167) -> 1
A168: 2005 | C168: 0.1172512 | D168: =INDEX('OECD tau'!$AT$10:$BM$69,MATCH($A168,'OECD tau'!$AS$10:$AS$69,0),MATCH($A$1,'OECD tau'!$AT$8:$BM$8,0)) -> 0.86169198 | E168: =D168 -> 0.86169198 | G168: 2005 | H168: 0.0395712 | L168: 904379.82 | M168: 38628.66 | N168: =M168/L168 -> 0.042712873 | O168: =N168 -> 0.042712873 | Q168: 2005 | R168: =ISNUMBER(O168)*ISNUMBER(E168) -> 1
A169: 2006 | C169: 0.1179285 | D169: =INDEX('OECD tau'!$AT$10:$BM$69,MATCH($A169,'OECD tau'!$AS$10:$AS$69,0),MATCH($A$1,'OECD tau'!$AT$8:$BM$8,0)) -> 0.80701526 | E169: =D169 -> 0.80701526 | G169: 2006 | H169: 0.0412029 | L169: 1037143 | M169: 45392.96 | N169: =M169/L169 -> 0.043767312 | O169: =N169 -> 0.043767312 | Q169: 2006 | R169: =ISNUMBER(O169)*ISNUMBER(E169) -> 1
A170: 2007 | C170: 0.1083087 | D170: =INDEX('OECD tau'!$AT$10:$BM$69,MATCH($A170,'OECD tau'!$AS$10:$AS$69,0),MATCH($A$1,'OECD tau'!$AT$8:$BM$8,0)) -> 0.81564591 | E170: =D170 -> 0.81564591 | G170: 2007 | H170: 0.040883 | L170: 1162708.3 | M170: 50296.22 | N170: =M170/L170 -> 0.043257815 | O170: =N170 -> 0.043257815 | Q170: 2007 | R170: =ISNUMBER(O170)*ISNUMBER(E170) -> 1
A171: 2008 | C171: 0.0779642 | D171: =INDEX('OECD tau'!$AT$10:$BM$69,MATCH($A171,'OECD tau'!$AS$10:$AS$69,0),MATCH($A$1,'OECD tau'!$AT$8:$BM$8,0)) -> 0.81137875 | E171: =D171 -> 0.81137875 | G171: 2008 | H171: 0.0375222 | L171: 1300135.6 | M171: 53775.11 | N171: =M171/L171 -> 0.041361153 | O171: =N171 -> 0.041361153 | Q171: 2008 | R171: =ISNUMBER(O171)*ISNUMBER(E171) -> 1
A172: 2009 | C172: 0.0705726 | D172: =INDEX('OECD tau'!$AT$10:$BM$69,MATCH($A172,'OECD tau'!$AS$10:$AS$69,0),MATCH($A$1,'OECD tau'!$AT$8:$BM$8,0)) -> 0.90399124 | E172: =D172 -> 0.90399124 | G172: 2009 | H172: 0.0379775 | L172: 1056932 | M172: 45713.72 | N172: =M172/L172 -> 0.043251336 | O172: =N172 -> 0.043251336 | Q172: 2009 | R172: =ISNUMBER(O172)*ISNUMBER(E172) -> 1
A173: 2010 | C173: 0 | D173: =INDEX('OECD tau'!$AT$10:$BM$69,MATCH($A173,'OECD tau'!$AS$10:$AS$69,0),MATCH($A$1,'OECD tau'!$AT$8:$BM$8,0)) -> 0.86061281 | E173: =D173 -> 0.86061281 | G173: 2010 | H173: 0.0273556 | L173: 1278494.5 | M173: 48410.31 | N173: =M173/L173 -> 0.03786509 | O173: =N173 -> 0.03786509 | Q173: 2010 | R173: =ISNUMBER(O173)*ISNUMBER(E173) -> 1
A174: 2011 | D174: =INDEX('OECD tau'!$AT$10:$BM$69,MATCH($A174,'OECD tau'!$AS$10:$AS$69,0),MATCH($A$1,'OECD tau'!$AT$8:$BM$8,0)) -> 0.77871985 | E174: =D174 -> 0.77871985 | G174: 2011 | H174: 0.0302184 | L174: 1482507.8 | M174: 56033.11 | N174: =M174/L174 -> 0.037796166 | O174: =N174 -> 0.037796166 | Q174: 2011 | R174: =ISNUMBER(O174)*ISNUMBER(E174) -> 1
A175: 2012 | D175: =INDEX('OECD tau'!$AT$10:$BM$69,MATCH($A175,'OECD tau'!$AS$10:$AS$69,0),MATCH($A$1,'OECD tau'!$AT$8:$BM$8,0)) -> 0.75425383 | E175: =D175 -> 0.75425383 | G175: 2012 | H175: 0.0282346 | L175: 1545820.8 | M175: 54860.48 | N175: =M175/L175 -> 0.035489546 | O175: =N175 -> 0.035489546 | Q175: 2012 | R175: =ISNUMBER(O175)*ISNUMBER(E175) -> 1
A176: 2013 | D176: =INDEX('OECD tau'!$AT$10:$BM$69,MATCH($A176,'OECD tau'!$AS$10:$AS$69,0),MATCH($A$1,'OECD tau'!$AT$8:$BM$8,0)) -> 0.75063386 | E176: =D176 -> 0.75063386 | G176: 2013 | H176: 0.0219363 | L176: 1578516.9 | M176: 47361.24 | N176: =M176/L176 -> 0.030003632 | O176: =N176 -> 0.030003632 | Q176: 2013 | R176: =ISNUMBER(O176)*ISNUMBER(E176) -> 1
A177: 2014 | D177: =INDEX('OECD tau'!$AT$10:$BM$69,MATCH($A177,'OECD tau'!$AS$10:$AS$69,0),MATCH($A$1,'OECD tau'!$AT$8:$BM$8,0)) -> 0.76409838 | E177: =D177 -> 0.76409838 | G177: 2014 | H177: 0.0262296 | L177: 1621873.8 | M177: 53913.17 | N177: =M177/L177 -> 0.033241286 | O177: =N177 -> 0.033241286 | Q177: 2014 | R177: =ISNUMBER(O177)*ISNUMBER(E177) -> 1
A178: 2015 | D178: =INDEX('OECD tau'!$AT$10:$BM$69,MATCH($A178,'OECD tau'!$AS$10:$AS$69,0),MATCH($A$1,'OECD tau'!$AT$8:$BM$8,0)) -> 0.81910002 | E178: =D178 -> 0.81910002 | G178: 2015 | L178: 1503328.4 | M178: 56094.71 | N178: =M178/L178 -> 0.037313678 | O178: =N178 -> 0.037313678 | Q178: 2015 | R178: =ISNUMBER(O178)*ISNUMBER(E178) -> 1
A179: 2016 | D179: =INDEX('OECD tau'!$AT$10:$BM$69,MATCH($A179,'OECD tau'!$AS$10:$AS$69,0),MATCH($A$1,'OECD tau'!$AT$8:$BM$8,0)) -> 0.81705476 | E179: =D179 -> 0.81705476 | G179: 2016 | L179: 1451459.7 | M179: 55197.49 | N179: =M179/L179 -> 0.038028952 | O179: =N179 -> 0.038028952 | Q179: 2016 | R179: =ISNUMBER(O179)*ISNUMBER(E179) -> 1
A180: 2017 | D180: =INDEX('OECD tau'!$AT$10:$BM$69,MATCH($A180,'OECD tau'!$AS$10:$AS$69,0),MATCH($A$1,'OECD tau'!$AT$8:$BM$8,0)) -> 0.76635981 | E180: =D180 -> 0.76635981 | G180: 2017 | L180: 1547195.4 | M180: 56262.43 | N180: =M180/L180 -> 0.03636414 | O180: =N180 -> 0.03636414 | Q180: 2017 | R180: =ISNUMBER(O180)*ISNUMBER(E180) -> 1
A181: 2018 | D181: =INDEX('OECD tau'!$AT$10:$BM$69,MATCH($A181,'OECD tau'!$AS$10:$AS$69,0),MATCH($A$1,'OECD tau'!$AT$8:$BM$8,0)) -> 0.72462229 | E181: =D181 -> 0.72462229 | G181: 2018 | L181: 1665786.9 | M181: 66503.86 | N181: =M181/L181 -> 0.03992339 | O181: =N181 -> 0.03992339 | Q181: 2018 | R181: =ISNUMBER(O181)*ISNUMBER(E181) -> 1
A182: 2019 | D182: =INDEX('OECD tau'!$AT$10:$BM$69,MATCH($A182,'OECD tau'!$AS$10:$AS$69,0),MATCH($A$1,'OECD tau'!$AT$8:$BM$8,0)) -> 0.71993037 | E182: =D182 -> 0.71993037 | G182: 2019 | L182: 1645940.3 | M182: 69079.94 | N182: =M182/L182 -> 0.041969893 | O182: =N182 -> 0.041969893 | Q182: 2019 | R182: =ISNUMBER(O182)*ISNUMBER(E182) -> 1
A183: 2020 | D183: =INDEX('OECD tau'!$AT$10:$BM$69,MATCH($A183,'OECD tau'!$AS$10:$AS$69,0),MATCH($A$1,'OECD tau'!$AT$8:$BM$8,0)) -> 0.72151818 | E183: =D183 -> 0.72151818 | G183: 2020 | L183: 1429995.4 | M183: 58532.52 | N183: =M183/L183 -> 0.040931964 | O183: =N183 -> 0.040931964 | Q183: 2020 | R183: =ISNUMBER(O183)*ISNUMBER(E183) -> 1
A184: 2021 | D184: =INDEX('OECD tau'!$AT$10:$BM$69,MATCH($A184,'OECD tau'!$AS$10:$AS$69,0),MATCH($A$1,'OECD tau'!$AT$8:$BM$8,0)) -> 0.98652543 | E184: =D184 -> 0.98652543 | G184: 2021 | L184: 1757743.7 | M184: 61667.14 | N184: =M184/L184 -> 0.035083123 | O184: =N184 -> 0.035083123 | Q184: 2021 | R184: =ISNUMBER(O184)*ISNUMBER(E184) -> 1
A185: 2022 | D185: =INDEX('OECD tau'!$AT$10:$BM$69,MATCH($A185,'OECD tau'!$AS$10:$AS$69,0),MATCH($A$1,'OECD tau'!$AT$8:$BM$8,0)) -> 0.90097753 | E185: =D185 -> 0.90097753 | G185: 2022 | L185: 2072648.1 | M185: 76804.96 | N185: =M185/L185 -> 0.037056441 | O185: =N185 -> 0.037056441 | Q185: 2022 | R185: =ISNUMBER(O185)*ISNUMBER(E185) -> 1
A186: 2023 | D186: =INDEX('OECD tau'!$AT$10:$BM$69,MATCH($A186,'OECD tau'!$AS$10:$AS$69,0),MATCH($A$1,'OECD tau'!$AT$8:$BM$8,0)) -> 0.87108029 | E186: =D186 -> 0.87108029 | G186: 2023 | L186: 2020479.2 | M186: 75024.22 | N186: =M186/L186 -> 0.037131895 | O186: =N186 -> 0.037131895 | Q186: 2023 | R186: =ISNUMBER(O186)*ISNUMBER(E186) -> 1
A187: 2024 | D187: =INDEX('OECD tau'!$AT$10:$BM$69,MATCH($A187,'OECD tau'!$AS$10:$AS$69,0),MATCH($A$1,'OECD tau'!$AT$8:$BM$8,0)) -> 0.85811976 | E187: =D187 -> 0.85811976 | G187: 2024 | L187: 2061690.8 | M187: 79532.06 | N187: =M187/L187 -> 0.038576134 | O187: =N187 -> 0.038576134 | Q187: 2024 | R187: =ISNUMBER(O187)*ISNUMBER(E187) -> 1

Sheet FRA
A1: FRA | B1: Avg tariff rate | H1: Export shares
A2: year | B2: tau_fra_mitchell | C2: tau_fra_levyleboyer | D2: tau_fra_tradhist | E2: tau_fra_oecd | F2: tau_fra_own | H2: year | I2: xpshr_fra_tradhist | J2: total_exports_hsus | K2: exports_hsus | L2: xpshr_fra_hsus | M2: total_exports_usitc | N2: exports_usitc | O2: xpshr_fra_usitc | P2: xpshr_fra_own | R2: year | S2: Identifier
A3: 1840 | C3: 17.8982 | D3: 17.9 | F3: =C3 -> 17.8982 | H3: 1840 | I3: 0.3104753 | J3: 124 | K3: 20 | L3: =K3/J3 -> 0.16129032 | P3: =L3/L4*P4 -> 0.16139495 | R3: 1840 | S3: =ISNUMBER(P3)*ISNUMBER(F3) -> 1
A4: 1841 | C4: 17.8982 | D4: 17.9 | F4: =C4 -> 17.8982 | H4: 1841 | I4: 0.2293399 | J4: 112 | K4: 18 | L4: =K4/J4 -> 0.16071429 | P4: =L4/L5*P5 -> 0.16081854 | R4: 1841 | S4: =ISNUMBER(P4)*ISNUMBER(F4) -> 1
A5: 1842 | C5: 17.898219 | D5: 17.9 | F5: =C5 -> 17.898219 | H5: 1842 | I5: 0.2755317 | J5: 100 | K5: 17 | L5: =K5/J5 -> 0.17 | P5: =L5/L6*P6 -> 0.17011027 | R5: 1842 | S5: =ISNUMBER(P5)*ISNUMBER(F5) -> 1
A6: 1843 | C6: 17.854714 | D6: 17.9 | F6: =C6 -> 17.854714 | H6: 1843 | I6: 0.3453806 | J6: 83 | K6: 12 | L6: =K6/J6 -> 0.14457831 | P6: =L6/L7*P7 -> 0.1446721 | R6: 1843 | S6: =ISNUMBER(P6)*ISNUMBER(F6) -> 1
A7: 1844 | C7: 17.898163 | D7: 17.9 | F7: =C7 -> 17.898163 | H7: 1844 | I7: 0.2540867 | J7: 106 | K7: 13 | L7: =K7/J7 -> 0.12264151 | P7: =L7/L8*P8 -> 0.12272106 | R7: 1844 | S7: =ISNUMBER(P7)*ISNUMBER(F7) -> 1
A8: 1845 | C8: 17.898529 | D8: 17.9 | F8: =C8 -> 17.898529 | H8: 1845 | I8: 0.2720374 | J8: 106 | K8: 12 | L8: =K8/J8 -> 0.11320755 | P8: =L8/L9*P9 -> 0.11328098 | R8: 1845 | S8: =ISNUMBER(P8)*ISNUMBER(F8) -> 1
A9: 1846 | C9: 17.673256 | D9: 17.9 | F9: =C9 -> 17.673256 | H9: 1846 | I9: 0.2596588 | J9: 110 | K9: 14 | L9: =K9/J9 -> 0.12727273 | P9: =L9/L10*P10 -> 0.12735528 | R9: 1846 | S9: =ISNUMBER(P9)*ISNUMBER(F9) -> 1
A10: 1847 | C10: 15.606618 | D10: 14.5 | F10: =C10 -> 15.606618 | H10: 1847 | I10: 0.1590065 | J10: 157 | K10: 19 | L10: =K10/J10 -> 0.12101911 | P10: =L10/L11*P11 -> 0.12109761 | R10: 1847 | S10: =ISNUMBER(P10)*ISNUMBER(F10) -> 1
A11: 1848 | C11: 17.918877 | D11: 19.3 | F11: =C11 -> 17.918877 | H11: 1848 | I11: 0.1481267 | J11: 138 | K11: 15 | L11: =K11/J11 -> 0.10869565 | P11: =L11/L12*P12 -> 0.10876616 | R11: 1848 | S11: =ISNUMBER(P11)*ISNUMBER(F11) -> 1
A12: 1849 | C12: 17.984858 | D12: 18 | F12: =C12 -> 17.984858 | H12: 1849 | I12: 0.2112895 | J12: 140 | K12: 13 | L12: =K12/J12 -> 0.092857143 | P12: =L12/L13*P13 -> 0.092917376 | R12: 1849 | S12: =ISNUMBER(P12)*ISNUMBER(F12) -> 1
A13: 1850 | C13: 16.521094 | D13: 16.1 | F13: =C13 -> 16.521094 | H13: 1850 | I13: 0.1746777 | J13: 144 | K13: 18 | L13: =K13/J13 -> 0.125 | P13: =L13/L14*P14 -> 0.12508108 | R13: 1850 | S13: =ISNUMBER(P13)*ISNUMBER(F13) -> 1
A14: 1851 | C14: 15.711605 | D14: 15.7 | F14: =C14 -> 15.711605 | H14: 1851 | I14: 0.1341812 | J14: 189 | K14: 21 | L14: =K14/J14 -> 0.11111111 | P14: =L14/L15*P15 -> 0.11118319 | R14: 1851 | S14: =ISNUMBER(P14)*ISNUMBER(F14) -> 1
... A105: 1942 | C105: 7.7678621 | D105: 6.2 | F105: =C105 -> 7.7678621 | H105: 1942 | I105: 0.0004031 | J105: 8079 | K105: 1 | L105: =K105/J105 -> 0.0001237777 | P105: =L105/L106*P106 -> 0.00012385799 | R105: 1942 | S105: =ISNUMBER(P105)*ISNUMBER(F105) -> 1
A106: 1943 | C106: 6.879789 | D106: 7.15 | F106: =C106 -> 6.879789 | H106: 1943 | I106: 0.0001155 | J106: 12965 | K106: ---- | L106: =I106/I105*L105 -> 3.5465948e-05 | P106: =L106/L107*P107 -> 3.5488954e-05 | R106: 1943 | S106: =ISNUMBER(P106)*ISNUMBER(F106) -> 1
A107: 1944 | C107: 6.1819474 | D107: 5.51 | F107: =C107 -> 6.1819474 | H107: 1944 | I107: 0.0022574 | J107: 14259 | K107: 18 | L107: =K107/J107 -> 0.0012623606 | P107: =L107/L108*P108 -> 0.0012631795 | R107: 1944 | S107: =ISNUMBER(P107)*ISNUMBER(F107) -> 1
A108: 1945 | C108: 6.629607 | D108: 6.67 | F108: =C108 -> 6.629607 | H108: 1945 | I108: 0.0558839 | J108: 9806 | K108: 472 | L108: =K108/J108 -> 0.048133796 | P108: =L108/L109*P109 -> 0.048165018 | R108: 1945 | S108: =ISNUMBER(P108)*ISNUMBER(F108) -> 1
A109: 1946 | C109: 9.5099061 | D109: 10.94 | F109: =C109 -> 9.5099061 | H109: 1946 | I109: 0.0759998 | J109: 9738 | K109: 709 | L109: =K109/J109 -> 0.072807558 | P109: =L109/L110*P110 -> 0.072854786 | R109: 1946 | S109: =ISNUMBER(P109)*ISNUMBER(F109) -> 1
A110: 1947 | C110: 10.648788 | D110: 10.66 | F110: =C110 -> 10.648788 | H110: 1947 | I110: 0.0708339 | J110: 14430 | K110: 817 | L110: =K110/J110 -> 0.056618157 | P110: =L110/L111*P111 -> 0.056654883 | R110: 1947 | S110: =ISNUMBER(P110)*ISNUMBER(F110) -> 1
A111: 1948 | C111: 8.8101372 | D111: 8.3 | F111: =C111 -> 8.8101372 | H111: 1948 | I111: 0.0455879 | J111: 12653 | K111: 591 | L111: =K111/J111 -> 0.046708291 | P111: =L111/L112*P112 -> 0.046738589 | R111: 1948 | S111: =ISNUMBER(P111)*ISNUMBER(F111) -> 1
A112: 1949 | C112: 4.45153 | D112: 2.71 | F112: =C112 -> 4.45153 | H112: 1949 | I112: 0.0416194 | J112: 12051 | K112: 497 | L112: =K112/J112 -> 0.041241391 | P112: =L112/L113*P113 -> 0.041268143 | R112: 1949 | S112: =ISNUMBER(P112)*ISNUMBER(F112) -> 1
A113: 1950 | C113: 4.0353358 | D113: 4.84 | F113: =C113 -> 4.0353358 | H113: 1950 | I113: 0.0464457 | J113: 10275 | K113: 475 | L113: =K113/J113 -> 0.04622871 | P113: =L113/L114*P114 -> 0.046258697 | R113: 1950 | S113: =ISNUMBER(P113)*ISNUMBER(F113) -> 1
A114: 1951 | C114: 4.1226322 | D114: 3.89 | F114: =C114 -> 4.1226322 | H114: 1951 | I114: 0.0347561 | J114: 15032 | K114: 843 | L114: =K114/J114 -> 0.056080362 | P114: =L114/L115*P115 -> 0.056116739 | R114: 1951 | S114: =ISNUMBER(P114)*ISNUMBER(F114) -> 1
A115: 1952 | C115: 3.7924122 | D115: 3.72 | F115: =C115 -> 3.7924122 | H115: 1952 | I115: 0.0306648 | J115: 15201 | K115: 1013 | L115: =K115/J115 -> 0.066640353 | P115: =L115/L116*P116 -> 0.06668358 | R115: 1952 | S115: =ISNUMBER(P115)*ISNUMBER(F115) -> 1
A116: 1953 | C116: 4.136518 | D116: 4.35 | F116: =C116 -> 4.136518 | H116: 1953 | I116: 0.0251288 | J116: 15774 | K116: 1236 | L116: =K116/J116 -> 0.07835679 | P116: =L116/L117*P117 -> 0.078407617 | R116: 1953 | S116: =ISNUMBER(P116)*ISNUMBER(F116) -> 1
A117: 1954 | C117: 4.575444 | D117: 4.58 | F117: =C117 -> 4.575444 | H117: 1954 | I117: 0.0259133 | J117: 15110 | K117: 783 | L117: =K117/J117 -> 0.051819987 | P117: =L117/L118*P118 -> 0.051853601 | R117: 1954 | S117: =ISNUMBER(P117)*ISNUMBER(F117) -> 1
A118: 1955 | C118: 5.0101266 | D118: 5.29 | F118: =C118 -> 5.0101266 | H118: 1955 | I118: 0.0347646 | J118: 15547 | K118: 536 | L118: =K118/J118 -> 0.034476105 | P118: =L118/L119*P119 -> 0.034498468 | R118: 1955 | S118: =ISNUMBER(P118)*ISNUMBER(F118) -> 1
... A127: 1964 | C127: 6.7840956 | D127: 6.65 | F127: =C127 -> 6.7840956 | H127: 1964 | I127: 0.0373909 | J127: 26508 | K127: 990 | L127: =K127/J127 -> 0.037347216 | P127: =L127/L128*P128 -> 0.037371442 | R127: 1964 | S127: =ISNUMBER(P127)*ISNUMBER(F127) -> 1
A128: 1965 | C128: 6.1534547 | D128: 6.207079 | E128: =INDEX('OECD tau'!$AT$10:$BM$69,MATCH($A128,'OECD tau'!$AS$10:$AS$69,0),MATCH($A$1,'OECD tau'!$AT$8:$BM$8,0)) -> 6.0530018 | F128: =C128 -> 6.1534547 | H128: 1965 | I128: 0.0352557 | J128: 27470 | K128: 971 | L128: =K128/J128 -> 0.035347652 | P128: =L128/L129*P129 -> 0.035370581 | R128: 1965 | S128: =ISNUMBER(P128)*ISNUMBER(F128) -> 1
A129: 1966 | C129: 5.9151897 | D129: 5.501528 | E129: =INDEX('OECD tau'!$AT$10:$BM$69,MATCH($A129,'OECD tau'!$AS$10:$AS$69,0),MATCH($A$1,'OECD tau'!$AT$8:$BM$8,0)) -> 5.4070054 | F129: =C129 -> 5.9151897 | H129: 1966 | I129: 0.0325539 | J129: 30320 | K129: 1007 | L129: =K129/J129 -> 0.033212401 | P129: =L129/L130*P130 -> 0.033233945 | R129: 1966 | S129: =ISNUMBER(P129)*ISNUMBER(F129) -> 1
A130: 1967 | C130: 5.4342912 | D130: 5.181827 | E130: =INDEX('OECD tau'!$AT$10:$BM$69,MATCH($A130,'OECD tau'!$AS$10:$AS$69,0),MATCH($A$1,'OECD tau'!$AT$8:$BM$8,0)) -> 5.0923154 | F130: =C130 -> 5.4342912 | H130: 1967 | I130: 0.0314249 | J130: 31526 | K130: 1025 | L130: =K130/J130 -> 0.032512847 | P130: =L130/L131*P131 -> 0.032533937 | R130: 1967 | S130: =ISNUMBER(P130)*ISNUMBER(F130) -> 1
A131: 1968 | C131: 4.3517196 | D131: 3.983068 | E131: =INDEX('OECD tau'!$AT$10:$BM$69,MATCH($A131,'OECD tau'!$AS$10:$AS$69,0),MATCH($A$1,'OECD tau'!$AT$8:$BM$8,0)) -> 3.9181297 | F131: =C131 -> 4.3517196 | H131: 1968 | I131: 0.0304576 | J131: 34636 | K131: 1095 | L131: =K131/J131 -> 0.031614505 | P131: =L131/L132*P132 -> 0.031635012 | R131: 1968 | S131: =ISNUMBER(P131)*ISNUMBER(F131) -> 1
A132: 1969 | C132: 3.2879067 | D132: 2.911973 | E132: =INDEX('OECD tau'!$AT$10:$BM$69,MATCH($A132,'OECD tau'!$AS$10:$AS$69,0),MATCH($A$1,'OECD tau'!$AT$8:$BM$8,0)) -> 2.9396614 | F132: =C132 -> 3.2879067 | H132: 1969 | I132: 0.0304139 | J132: 38006 | K132: 1195 | L132: =K132/J132 -> 0.031442404 | P132: =L132/L133*P133 -> 0.031462799 | R132: 1969 | S132: =ISNUMBER(P132)*ISNUMBER(F132) -> 1
A133: 1970 | C133: 2.6771038 | D133: 2.633159 | E133: =INDEX('OECD tau'!$AT$10:$BM$69,MATCH($A133,'OECD tau'!$AS$10:$AS$69,0),MATCH($A$1,'OECD tau'!$AT$8:$BM$8,0)) -> 2.8079587 | F133: =C133 -> 2.6771038 | H133: 1970 | I133: 0.033348 | J133: 43224 | K133: 1483 | L133: =K133/J133 -> 0.034309643 | P133: =L133/L134*P134 -> 0.034331898 | R133: 1970 | S133: =ISNUMBER(P133)*ISNUMBER(F133) -> 1
A134: 1971 | C134: 2.3652316 | D134: 2.239202 | E134: =INDEX('OECD tau'!$AT$10:$BM$69,MATCH($A134,'OECD tau'!$AS$10:$AS$69,0),MATCH($A$1,'OECD tau'!$AT$8:$BM$8,0)) -> 2.4000796 | F134: =C134 -> 2.3652316 | H134: 1971 | I134: 0.0392298 | J134: 44130 | K134: 1373 | L134: =K134/J134 -> 0.031112622 | P134: =L134/L135*P135 -> 0.031132804 | R134: 1971 | S134: =ISNUMBER(P134)*ISNUMBER(F134) -> 1
A135: 1972 | C135: 2.1931501 | D135: 2.00956 | E135: =INDEX('OECD tau'!$AT$10:$BM$69,MATCH($A135,'OECD tau'!$AS$10:$AS$69,0),MATCH($A$1,'OECD tau'!$AT$8:$BM$8,0)) -> 2.1551475 | F135: =C135 -> 2.1931501 | H135: 1972 | I135: 0.0427231 | J135: 49779 | K135: 1609 | L135: =K135/J135 -> 0.032322867 | P135: =L135/L136*P136 -> 0.032343834 | R135: 1972 | S135: =ISNUMBER(P135)*ISNUMBER(F135) -> 1
A136: 1973 | C136: 2.0235956 | D136: 1.781323 | E136: =INDEX('OECD tau'!$AT$10:$BM$69,MATCH($A136,'OECD tau'!$AS$10:$AS$69,0),MATCH($A$1,'OECD tau'!$AT$8:$BM$8,0)) -> 1.9266124 | F136: =C136 -> 2.0235956 | H136: 1973 | I136: 0.0429964 | J136: 71339 | K136: 2263 | L136: =K136/J136 -> 0.031721779 | P136: =L136/L137*P137 -> 0.031742356 | R136: 1973 | S136: =ISNUMBER(P136)*ISNUMBER(F136) -> 1
A137: 1974 | C137: 1.5086528 | D137: 1.2642 | E137: =INDEX('OECD tau'!$AT$10:$BM$69,MATCH($A137,'OECD tau'!$AS$10:$AS$69,0),MATCH($A$1,'OECD tau'!$AT$8:$BM$8,0)) -> 1.3459316 | F137: =C137 -> 1.5086528 | H137: 1974 | I137: 0.0407737 | J137: 98507 | K137: 2942 | L137: =K137/J137 -> 0.029865898 | P137: =L137/L138*P138 -> 0.029885271 | R137: 1974 | S137: =ISNUMBER(P137)*ISNUMBER(F137) -> 1
A138: 1975 | C138: 0.94353092 | D138: 1.409483 | E138: =INDEX('OECD tau'!$AT$10:$BM$69,MATCH($A138,'OECD tau'!$AS$10:$AS$69,0),MATCH($A$1,'OECD tau'!$AT$8:$BM$8,0)) -> 1.4728999 | F138: =C138 -> 0.94353092 | H138: 1975 | I138: 0.0379412 | J138: 107592 | K138: 3031 | L138: =K138/J138 -> 0.028171239 | P138: =L138/L139*P139 -> 0.028189513 | R138: 1975 | S138: =ISNUMBER(P138)*ISNUMBER(F138) -> 1
A139: 1976 | C139: 0.93391947 | D139: 1.29482 | E139: =INDEX('OECD tau'!$AT$10:$BM$69,MATCH($A139,'OECD tau'!$AS$10:$AS$69,0),MATCH($A$1,'OECD tau'!$AT$8:$BM$8,0)) -> 1.3664989 | F139: =C139 -> 0.93391947 | H139: 1976 | I139: 0.0407528 | J139: 114992 | K139: 3446 | L139: =K139/J139 -> 0.029967302 | P139: =L139/L140*P140 -> 0.029986741 | R139: 1976 | S139: =ISNUMBER(P139)*ISNUMBER(F139) -> 1
... A151: 1988 | C151: 0.63502526 | D151: 0.9992323 | E151: =INDEX('OECD tau'!$AT$10:$BM$69,MATCH($A151,'OECD tau'!$AS$10:$AS$69,0),MATCH($A$1,'OECD tau'!$AT$8:$BM$8,0)) -> 1.0383165 | F151: =C151 -> 0.63502526 | H151: 1988 | I151: 0.0411325 | J151: 322426 | K151: 9970 | L151: =K151/J151 -> 0.030921824 | P151: =L151/L152*P152 -> 0.030941882 | R151: 1988 | S151: =ISNUMBER(P151)*ISNUMBER(F151) -> 1
A152: 1989 | C152: 0.61764149 | D152: 0.8974424 | E152: =INDEX('OECD tau'!$AT$10:$BM$69,MATCH($A152,'OECD tau'!$AS$10:$AS$69,0),MATCH($A$1,'OECD tau'!$AT$8:$BM$8,0)) -> 0.92426474 | F152: =C152 -> 0.61764149 | H152: 1989 | I152: 0.0391928 | J152: 363812 | K152: 11579 | L152: =K152/J152 -> 0.031826878 | M152: 363765.5 | N152: 11585.03 | O152: =N152/M152 -> 0.031847523 | P152: =O152 -> 0.031847523 | R152: 1989 | S152: =ISNUMBER(P152)*ISNUMBER(F152) -> 1
A153: 1990 | C153: 0.75648123 | D153: 0.8597306 | E153: =INDEX('OECD tau'!$AT$10:$BM$69,MATCH($A153,'OECD tau'!$AS$10:$AS$69,0),MATCH($A$1,'OECD tau'!$AT$8:$BM$8,0)) -> 0.88707362 | F153: =C153 -> 0.75648123 | H153: 1990 | I153: 0.0466437 | J153: 393592 | K153: 13664 | L153: =K153/J153 -> 0.034716153 | M153: 392975.79 | N153: 13652.08 | O153: =N153/M153 -> 0.034740257 | P153: =O153 -> 0.034740257 | R153: 1990 | S153: =ISNUMBER(P153)*ISNUMBER(F153) -> 1
A154: 1991 | C154: 0.7579598 | D154: 0.9130695 | E154: =INDEX('OECD tau'!$AT$10:$BM$69,MATCH($A154,'OECD tau'!$AS$10:$AS$69,0),MATCH($A$1,'OECD tau'!$AT$8:$BM$8,0)) -> 0.94890656 | F154: =C154 -> 0.7579598 | H154: 1991 | I154: 0.0492404 | J154: 421730 | K154: 15345 | L154: =K154/J154 -> 0.036385839 | M154: 421853.58 | N154: 15365.41 | O154: =N154/M154 -> 0.036423562 | P154: =O154 -> 0.036423562 | R154: 1991 | S154: =ISNUMBER(P154)*ISNUMBER(F154) -> 1
A155: 1992 | C155: 0.63649271 | D155: 0.938262 | E155: =INDEX('OECD tau'!$AT$10:$BM$69,MATCH($A155,'OECD tau'!$AS$10:$AS$69,0),MATCH($A$1,'OECD tau'!$AT$8:$BM$8,0)) -> 0.99082601 | F155: =C155 -> 0.63649271 | H155: 1992 | I155: 0.0421851 | J155: 448164 | K155: 14593 | L155: =K155/J155 -> 0.032561741 | M155: 447471.02 | N155: 14574.86 | O155: =N155/M155 -> 0.032571629 | P155: =O155 -> 0.032571629 | R155: 1992 | S155: =ISNUMBER(P155)*ISNUMBER(F155) -> 1
A156: 1993 | C156: 0.71227169 | D156: 1.011194 | E156: =INDEX('OECD tau'!$AT$10:$BM$69,MATCH($A156,'OECD tau'!$AS$10:$AS$69,0),MATCH($A$1,'OECD tau'!$AT$8:$BM$8,0)) -> 0.96168714 | F156: =C156 -> 0.71227169 | H156: 1993 | I156: 0.0356279 | J156: 465091 | K156: 13267 | L156: =K156/J156 -> 0.0285256 | M156: 464858.41 | N156: 13266.71 | O156: =N156/M156 -> 0.028539249 | P156: =O156 -> 0.028539249 | R156: 1993 | S156: =ISNUMBER(P156)*ISNUMBER(F156) -> 1
A157: 1994 | C157: 0.62367985 | D157: 0.8526102 | E157: =INDEX('OECD tau'!$AT$10:$BM$69,MATCH($A157,'OECD tau'!$AS$10:$AS$69,0),MATCH($A$1,'OECD tau'!$AT$8:$BM$8,0)) -> 0.82202286 | F157: =C157 -> 0.62367985 | H157: 1994 | I157: 0.0350244 | J157: 512627 | K157: 13619 | L157: =K157/J157 -> 0.026567075 | M157: 512415.61 | N157: 13622.26 | O157: =N157/M157 -> 0.026584397 | P157: =O157 -> 0.026584397 | R157: 1994 | S157: =ISNUMBER(P157)*ISNUMBER(F157) -> 1
A158: 1995 | C158: 0.56856721 | D158: 0.8248665 | E158: =INDEX('OECD tau'!$AT$10:$BM$69,MATCH($A158,'OECD tau'!$AS$10:$AS$69,0),MATCH($A$1,'OECD tau'!$AT$8:$BM$8,0)) -> 1.4852968 | F158: =C158 -> 0.56856721 | H158: 1995 | I158: 0.0325571 | J158: 584742 | K158: 14245 | L158: =K158/J158 -> 0.024361171 | M158: 582119.67 | N158: 14240.53 | O158: =N158/M158 -> 0.024463235 | P158: =O158 -> 0.024463235 | R158: 1995 | S158: =ISNUMBER(P158)*ISNUMBER(F158) -> 1
A159: 1996 | C159: 0.64024904 | D159: 0.7068473 | E159: =INDEX('OECD tau'!$AT$10:$BM$69,MATCH($A159,'OECD tau'!$AS$10:$AS$69,0),MATCH($A$1,'OECD tau'!$AT$8:$BM$8,0)) -> 1.22264 | F159: =C159 -> 0.64024904 | H159: 1996 | I159: 0.030944 | J159: 625075 | K159: 14456 | L159: =K159/J159 -> 0.023126825 | M159: 622827.06 | N159: 14427.81 | O159: =N159/M159 -> 0.023165034 | P159: =O159 -> 0.023165034 | R159: 1996 | S159: =ISNUMBER(P159)*ISNUMBER(F159) -> 1
A160: 1997 | C160: 0.71851036 | D160: 0.695012 | E160: =INDEX('OECD tau'!$AT$10:$BM$69,MATCH($A160,'OECD tau'!$AS$10:$AS$69,0),MATCH($A$1,'OECD tau'!$AT$8:$BM$8,0)) -> 1.2607375 | F160: =C160 -> 0.71851036 | H160: 1997 | I160: 0.0318 | J160: 689182 | K160: 15965 | L160: =K160/J160 -> 0.023165144 | M160: 687598 | N160: 15981.59 | O160: =N160/M160 -> 0.023242636 | P160: =O160 -> 0.023242636 | R160: 1997 | S160: =ISNUMBER(P160)*ISNUMBER(F160) -> 1
A161: 1998 | D161: 0.0962006 | E161: =INDEX('OECD tau'!$AT$10:$BM$69,MATCH($A161,'OECD tau'!$AS$10:$AS$69,0),MATCH($A$1,'OECD tau'!$AT$8:$BM$8,0)) -> 0.58548281 | F161: =E161 -> 0.58548281 | H161: 1998 | I161: 0.0344988 | J161: 682138 | K161: 17729 | L161: =K161/J161 -> 0.025990342 | M161: 680474.25 | N161: 17727.95 | O161: =N161/M161 -> 0.026052345 | P161: =O161 -> 0.026052345 | R161: 1998 | S161: =ISNUMBER(P161)*ISNUMBER(F161) -> 1
A162: 1999 | D162: 0.0975605 | E162: =INDEX('OECD tau'!$AT$10:$BM$69,MATCH($A162,'OECD tau'!$AS$10:$AS$69,0),MATCH($A$1,'OECD tau'!$AT$8:$BM$8,0)) -> 0.5460026 | F162: =E162 -> 0.5460026 | H162: 1999 | I162: 0.0333894 | J162: 695797 | K162: 18877 | L162: =K162/J162 -> 0.027130039 | M162: 692820.62 | N162: 18838.45 | O162: =N162/M162 -> 0.027190949 | P162: =O162 -> 0.027190949 | R162: 1999 | S162: =ISNUMBER(P162)*ISNUMBER(F162) -> 1
A163: 2000 | D163: 0.0839351 | E163: =INDEX('OECD tau'!$AT$10:$BM$69,MATCH($A163,'OECD tau'!$AS$10:$AS$69,0),MATCH($A$1,'OECD tau'!$AT$8:$BM$8,0)) -> 0.49307844 | F163: =E163 -> 0.49307844 | H163: 2000 | I163: 0.0298577 | J163: 781918 | K163: 20362 | L163: =K163/J163 -> 0.026041094 | M163: 780418.63 | N163: 20252.81 | O163: =N163/M163 -> 0.025951213 | P163: =O163 -> 0.025951213 | R163: 2000 | S163: =ISNUMBER(P163)*ISNUMBER(F163) -> 1
A164: 2001 | D164: 0.0814566 | E164: =INDEX('OECD tau'!$AT$10:$BM$69,MATCH($A164,'OECD tau'!$AS$10:$AS$69,0),MATCH($A$1,'OECD tau'!$AT$8:$BM$8,0)) -> 0.47755796 | F164: =E164 -> 0.47755796 | H164: 2001 | I164: 0.0316758 | J164: 729100 | K164: 19864 | L164: =K164/J164 -> 0.027244548 | M164: 731025.91 | N164: 19895.66 | O164: =N164/M164 -> 0.02721608 | P164: =O164 -> 0.02721608 | R164: 2001 | S164: =ISNUMBER(P164)*ISNUMBER(F164) -> 1
A165: 2002 | D165: 0.0840321 | E165: =INDEX('OECD tau'!$AT$10:$BM$69,MATCH($A165,'OECD tau'!$AS$10:$AS$69,0),MATCH($A$1,'OECD tau'!$AT$8:$BM$8,0)) -> 0.4661469 | F165: =E165 -> 0.4661469 | H165: 2002 | I165: 0.0304817 | M165: 693257.3 | N165: 19018.87 | O165: =N165/M165 -> 0.027434071 | P165: =O165 -> 0.027434071 | R165: 2002 | S165: =ISNUMBER(P165)*ISNUMBER(F165) -> 1
A166: 2003 | D166: 0.0809157 | E166: =INDEX('OECD tau'!$AT$10:$BM$69,MATCH($A166,'OECD tau'!$AS$10:$AS$69,0),MATCH($A$1,'OECD tau'!$AT$8:$BM$8,0)) -> 0.44896469 | F166: =E166 -> 0.44896469 | H166: 2003 | I166: 0.0275659 | M166: 723743.18 | N166: 17068.16 | O166: =N166/M166 -> 0.023583172 | P166: =O166 -> 0.023583172 | R166: 2003 | S166: =ISNUMBER(P166)*ISNUMBER(F166) -> 1
A167: 2004 | D167: 0.1004071 | E167: =INDEX('OECD tau'!$AT$10:$BM$69,MATCH($A167,'OECD tau'!$AS$10:$AS$69,0),MATCH($A$1,'OECD tau'!$AT$8:$BM$8,0)) -> 0.45500473 | F167: =E167 -> 0.45500473 | H167: 2004 | I167: 0.0276393 | M167: 816547.62 | N167: 21239.61 | O167: =N167/M167 -> 0.026011477 | P167: =O167 -> 0.026011477 | R167: 2004 | S167: =ISNUMBER(P167)*ISNUMBER(F167) -> 1
A168: 2005 | D168: 0.0975112 | E168: =INDEX('OECD tau'!$AT$10:$BM$69,MATCH($A168,'OECD tau'!$AS$10:$AS$69,0),MATCH($A$1,'OECD tau'!$AT$8:$BM$8,0)) -> 0.49008149 | F168: =E168 -> 0.49008149 | H168: 2005 | I168: 0.0273164 | M168: 904379.82 | N168: 22402.19 | O168: =N168/M168 -> 0.024770776 | P168: =O168 -> 0.024770776 | R168: 2005 | S168: =ISNUMBER(P168)*ISNUMBER(F168) -> 1
A169: 2006 | D169: 0.0832651 | E169: =INDEX('OECD tau'!$AT$10:$BM$69,MATCH($A169,'OECD tau'!$AS$10:$AS$69,0),MATCH($A$1,'OECD tau'!$AT$8:$BM$8,0)) -> 0.46986656 | F169: =E169 -> 0.46986656 | H169: 2006 | I169: 0.0238777 | M169: 1037143 | N169: 24217.22 | O169: =N169/M169 -> 0.023349934 | P169: =O169 -> 0.023349934 | R169: 2006 | S169: =ISNUMBER(P169)*ISNUMBER(F169) -> 1
A170: 2007 | D170: 0.0817806 | E170: =INDEX('OECD tau'!$AT$10:$BM$69,MATCH($A170,'OECD tau'!$AS$10:$AS$69,0),MATCH($A$1,'OECD tau'!$AT$8:$BM$8,0)) -> 0.47525933 | F170: =E170 -> 0.47525933 | H170: 2007 | I170: 0.0235585 | M170: 1162708.3 | N170: 27407.11 | O170: =N170/M170 -> 0.023571785 | P170: =O170 -> 0.023571785 | R170: 2007 | S170: =ISNUMBER(P170)*ISNUMBER(F170) -> 1
A171: 2008 | D171: 0.075081 | E171: =INDEX('OECD tau'!$AT$10:$BM$69,MATCH($A171,'OECD tau'!$AS$10:$AS$69,0),MATCH($A$1,'OECD tau'!$AT$8:$BM$8,0)) -> 0.44047709 | F171: =E171 -> 0.44047709 | H171: 2008 | I171: 0.0233739 | M171: 1300135.6 | N171: 29186.9 | O171: =N171/M171 -> 0.022449119 | P171: =O171 -> 0.022449119 | R171: 2008 | S171: =ISNUMBER(P171)*ISNUMBER(F171) -> 1
A172: 2009 | D172: 0.0936194 | E172: =INDEX('OECD tau'!$AT$10:$BM$69,MATCH($A172,'OECD tau'!$AS$10:$AS$69,0),MATCH($A$1,'OECD tau'!$AT$8:$BM$8,0)) -> 0.4925987 | F172: =E172 -> 0.4925987 | H172: 2009 | I172: 0.0250882 | M172: 1056932 | N172: 26522.34 | O172: =N172/M172 -> 0.025093706 | P172: =O172 -> 0.025093706 | R172: 2009 | S172: =ISNUMBER(P172)*ISNUMBER(F172) -> 1
A173: 2010 | D173: 0.0941607 | E173: =INDEX('OECD tau'!$AT$10:$BM$69,MATCH($A173,'OECD tau'!$AS$10:$AS$69,0),MATCH($A$1,'OECD tau'!$AT$8:$BM$8,0)) -> 0.49478068 | F173: =E173 -> 0.49478068 | H173: 2010 | I173: 0.0162274 | M173: 1278494.5 | N173: 26969.95 | O173: =N173/M173 -> 0.021095084 | P173: =O173 -> 0.021095084 | R173: 2010 | S173: =ISNUMBER(P173)*ISNUMBER(F173) -> 1
A174: 2011 | E174: =INDEX('OECD tau'!$AT$10:$BM$69,MATCH($A174,'OECD tau'!$AS$10:$AS$69,0),MATCH($A$1,'OECD tau'!$AT$8:$BM$8,0)) -> 0.51484499 | F174: =E174 -> 0.51484499 | H174: 2011 | I174: 0.0163727 | M174: 1482507.8 | N174: 27856.81 | O174: =N174/M174 -> 0.01879033 | P174: =O174 -> 0.01879033 | R174: 2011 | S174: =ISNUMBER(P174)*ISNUMBER(F174) -> 1
A175: 2012 | E175: =INDEX('OECD tau'!$AT$10:$BM$69,MATCH($A175,'OECD tau'!$AS$10:$AS$69,0),MATCH($A$1,'OECD tau'!$AT$8:$BM$8,0)) -> 0.47640024 | F175: =E175 -> 0.47640024 | H175: 2012 | I175: 0.0165323 | M175: 1545820.8 | N175: 30812.88 | O175: =N175/M175 -> 0.019933021 | P175: =O175 -> 0.019933021 | R175: 2012 | S175: =ISNUMBER(P175)*ISNUMBER(F175) -> 1
A176: 2013 | E176: =INDEX('OECD tau'!$AT$10:$BM$69,MATCH($A176,'OECD tau'!$AS$10:$AS$69,0),MATCH($A$1,'OECD tau'!$AT$8:$BM$8,0)) -> 0.4913563 | F176: =E176 -> 0.4913563 | H176: 2013 | I176: 0.016172 | M176: 1578516.9 | N176: 31743.72 | O176: =N176/M176 -> 0.020109839 | P176: =O176 -> 0.020109839 | R176: 2013 | S176: =ISNUMBER(P176)*ISNUMBER(F176) -> 1
A177: 2014 | E177: =INDEX('OECD tau'!$AT$10:$BM$69,MATCH($A177,'OECD tau'!$AS$10:$AS$69,0),MATCH($A$1,'OECD tau'!$AT$8:$BM$8,0)) -> 0.4810419 | F177: =E177 -> 0.4810419 | H177: 2014 | I177: 0.0155563 | M177: 1621873.8 | N177: 31289.48 | O177: =N177/M177 -> 0.019292179 | P177: =O177 -> 0.019292179 | R177: 2014 | S177: =ISNUMBER(P177)*ISNUMBER(F177) -> 1
A178: 2015 | E178: =INDEX('OECD tau'!$AT$10:$BM$69,MATCH($A178,'OECD tau'!$AS$10:$AS$69,0),MATCH($A$1,'OECD tau'!$AT$8:$BM$8,0)) -> 0.49525236 | F178: =E178 -> 0.49525236 | H178: 2015 | M178: 1503328.4 | N178: 30026.31 | O178: =N178/M178 -> 0.019973221 | P178: =O178 -> 0.019973221 | R178: 2015 | S178: =ISNUMBER(P178)*ISNUMBER(F178) -> 1
A179: 2016 | E179: =INDEX('OECD tau'!$AT$10:$BM$69,MATCH($A179,'OECD tau'!$AS$10:$AS$69,0),MATCH($A$1,'OECD tau'!$AT$8:$BM$8,0)) -> 0.47878326 | F179: =E179 -> 0.47878326 | H179: 2016 | M179: 1451459.7 | N179: 31148.37 | O179: =N179/M179 -> 0.021460031 | P179: =O179 -> 0.021460031 | R179: 2016 | S179: =ISNUMBER(P179)*ISNUMBER(F179) -> 1
A180: 2017 | E180: =INDEX('OECD tau'!$AT$10:$BM$69,MATCH($A180,'OECD tau'!$AS$10:$AS$69,0),MATCH($A$1,'OECD tau'!$AT$8:$BM$8,0)) -> 0.46036957 | F180: =E180 -> 0.46036957 | H180: 2017 | M180: 1547195.4 | N180: 33594.98 | O180: =N180/M180 -> 0.021713469 | P180: =O180 -> 0.021713469 | R180: 2017 | S180: =ISNUMBER(P180)*ISNUMBER(F180) -> 1
A181: 2018 | E181: =INDEX('OECD tau'!$AT$10:$BM$69,MATCH($A181,'OECD tau'!$AS$10:$AS$69,0),MATCH($A$1,'OECD tau'!$AT$8:$BM$8,0)) -> 0.46923761 | F181: =E181 -> 0.46923761 | H181: 2018 | M181: 1665786.9 | N181: 36605.74 | O181: =N181/M181 -> 0.021975044 | P181: =O181 -> 0.021975044 | R181: 2018 | S181: =ISNUMBER(P181)*ISNUMBER(F181) -> 1
A182: 2019 | E182: =INDEX('OECD tau'!$AT$10:$BM$69,MATCH($A182,'OECD tau'!$AS$10:$AS$69,0),MATCH($A$1,'OECD tau'!$AT$8:$BM$8,0)) -> 0.46023757 | F182: =E182 -> 0.46023757 | H182: 2019 | M182: 1645940.3 | N182: 37676.65 | O182: =N182/M182 -> 0.022890653 | P182: =O182 -> 0.022890653 | R182: 2019 | S182: =ISNUMBER(P182)*ISNUMBER(F182) -> 1
A183: 2020 | E183: =INDEX('OECD tau'!$AT$10:$BM$69,MATCH($A183,'OECD tau'!$AS$10:$AS$69,0),MATCH($A$1,'OECD tau'!$AT$8:$BM$8,0)) -> 0.4930056 | F183: =E183 -> 0.4930056 | H183: 2020 | M183: 1429995.4 | N183: 27312.21 | O183: =N183/M183 -> 0.019099509 | P183: =O183 -> 0.019099509 | R183: 2020 | S183: =ISNUMBER(P183)*ISNUMBER(F183) -> 1
A184: 2021 | E184: =INDEX('OECD tau'!$AT$10:$BM$69,MATCH($A184,'OECD tau'!$AS$10:$AS$69,0),MATCH($A$1,'OECD tau'!$AT$8:$BM$8,0)) -> 0.4389769 | F184: =E184 -> 0.4389769 | H184: 2021 | M184: 1757743.7 | N184: 29903.89 | O184: =N184/M184 -> 0.017012656 | P184: =O184 -> 0.017012656 | R184: 2021 | S184: =ISNUMBER(P184)*ISNUMBER(F184) -> 1
A185: 2022 | E185: =INDEX('OECD tau'!$AT$10:$BM$69,MATCH($A185,'OECD tau'!$AS$10:$AS$69,0),MATCH($A$1,'OECD tau'!$AT$8:$BM$8,0)) -> 0.4677673 | F185: =E185 -> 0.4677673 | H185: 2022 | M185: 2072648.1 | N185: 46296.2 | O185: =N185/M185 -> 0.02233674 | P185: =O185 -> 0.02233674 | R185: 2022 | S185: =ISNUMBER(P185)*ISNUMBER(F185) -> 1
A186: 2023 | E186: =INDEX('OECD tau'!$AT$10:$BM$69,MATCH($A186,'OECD tau'!$AS$10:$AS$69,0),MATCH($A$1,'OECD tau'!$AT$8:$BM$8,0)) -> 0.46089477 | F186: =E186 -> 0.46089477 | H186: 2023 | M186: 2020479.2 | N186: 44366.88 | O186: =N186/M186 -> 0.021958593 | P186: =O186 -> 0.021958593 | R186: 2023 | S186: =ISNUMBER(P186)*ISNUMBER(F186) -> 1
A187: 2024 | E187: =INDEX('OECD tau'!$AT$10:$BM$69,MATCH($A187,'OECD tau'!$AS$10:$AS$69,0),MATCH($A$1,'OECD tau'!$AT$8:$BM$8,0)) -> 0.47446964 | F187: =E187 -> 0.47446964 | H187: 2024 | M187: 2061690.8 | N187: 43547.73 | O187: =N187/M187 -> 0.021122338 | P187: =O187 -> 0.021122338 | R187: 2024 | S187: =ISNUMBER(P187)*ISNUMBER(F187) -> 1

Sheet DEU
A1: DEU | B1: Avg tariff rate | G1: Export shares
A2: year | B2: tau_deu_mitchell | C2: tau_deu_tradhist | D2: tau_deu_oecd | E2: tau_deu_own | G2: year | H2: xpshr_deu_tradhist | I2: total_exports_hsus | J2: exports_hsus | K2: xpshr_deu_hsus | L2: total_exports_usitc | M2: exports_usitc | N2: xpshr_deu_usitc | O2: xpshr_deu_own | Q2: year | R2: Identifier
A3: 1840 | G3: 1840 | I3: 124 | J3: 4 | K3: =J3/I3 -> 0.032258065 | O3: =K3/K4*O4 -> 0.032123044 | Q3: 1840 | R3: =ISNUMBER(O3)*ISNUMBER(E3) -> 0
A4: 1841 | G4: 1841 | I4: 112 | J4: 5 | K4: =J4/I4 -> 0.044642857 | O4: =K4/K5*O5 -> 0.044455998 | Q4: 1841 | R4: =ISNUMBER(O4)*ISNUMBER(E4) -> 0
A5: 1842 | G5: 1842 | I5: 100 | J5: 5 | K5: =J5/I5 -> 0.05 | O5: =K5/K6*O6 -> 0.049790718 | Q5: 1842 | R5: =ISNUMBER(O5)*ISNUMBER(E5) -> 0
A6: 1843 | G6: 1843 | I6: 83 | J6: 4 | K6: =J6/I6 -> 0.048192771 | O6: =K6/K7*O7 -> 0.047991053 | Q6: 1843 | R6: =ISNUMBER(O6)*ISNUMBER(E6) -> 0
A7: 1844 | G7: 1844 | I7: 106 | J7: 4 | K7: =J7/I7 -> 0.037735849 | O7: =K7/K8*O8 -> 0.0375779 | Q7: 1844 | R7: =ISNUMBER(O7)*ISNUMBER(E7) -> 0
A8: 1845 | G8: 1845 | I8: 106 | J8: 6 | K8: =J8/I8 -> 0.056603774 | O8: =K8/K9*O9 -> 0.05636685 | Q8: 1845 | R8: =ISNUMBER(O8)*ISNUMBER(E8) -> 0
A9: 1846 | G9: 1846 | I9: 110 | J9: 5 | K9: =J9/I9 -> 0.045454545 | O9: =K9/K10*O10 -> 0.045264289 | Q9: 1846 | R9: =ISNUMBER(O9)*ISNUMBER(E9) -> 0
A10: 1847 | B10: 10.83435 | E10: =B10 -> 10.83435 | G10: 1847 | I10: 157 | J10: 5 | K10: =J10/I10 -> 0.031847134 | O10: =K10/K11*O11 -> 0.031713833 | Q10: 1847 | R10: =ISNUMBER(O10)*ISNUMBER(E10) -> 1
A11: 1848 | B11: 9.9342868 | E11: =B11 -> 9.9342868 | G11: 1848 | I11: 138 | J11: 4 | K11: =J11/I11 -> 0.028985507 | O11: =K11/K12*O12 -> 0.028864184 | Q11: 1848 | R11: =ISNUMBER(O11)*ISNUMBER(E11) -> 1
A12: 1849 | B12: 11.470631 | E12: =B12 -> 11.470631 | G12: 1849 | I12: 140 | J12: 3 | K12: =J12/I12 -> 0.021428571 | O12: =K12/K13*O13 -> 0.021338879 | Q12: 1849 | R12: =ISNUMBER(O12)*ISNUMBER(E12) -> 1
A13: 1850 | B13: 11.070954 | E13: =B13 -> 11.070954 | G13: 1850 | I13: 144 | J13: 5 | K13: =J13/I13 -> 0.034722222 | O13: =K13/K14*O14 -> 0.034576887 | Q13: 1850 | R13: =ISNUMBER(O13)*ISNUMBER(E13) -> 1
A14: 1851 | B14: 11.038591 | E14: =B14 -> 11.038591 | G14: 1851 | I14: 189 | J14: 6 | K14: =J14/I14 -> 0.031746032 | O14: =K14/K15*O15 -> 0.031613154 | Q14: 1851 | R14: =ISNUMBER(O14)*ISNUMBER(E14) -> 1
A15: 1852 | B15: 10.839412 | E15: =B15 -> 10.839412 | G15: 1852 | I15: 167 | J15: 6 | K15: =J15/I15 -> 0.035928144 | O15: =K15/K16*O16 -> 0.035777761 | Q15: 1852 | R15: =ISNUMBER(O15)*ISNUMBER(E15) -> 1
A16: 1853 | B16: 9.4387167 | E16: =B16 -> 9.4387167 | G16: 1853 | I16: 203 | J16: 7 | K16: =J16/I16 -> 0.034482759 | O16: =K16/K17*O17 -> 0.034338426 | Q16: 1853 | R16: =ISNUMBER(O16)*ISNUMBER(E16) -> 1
A17: 1854 | B17: 7.6039262 | E17: =B17 -> 7.6039262 | G17: 1854 | I17: 237 | J17: 9 | K17: =J17/I17 -> 0.037974684 | O17: =K17/K18*O18 -> 0.037815735 | Q17: 1854 | R17: =ISNUMBER(O17)*ISNUMBER(E17) -> 1
A18: 1855 | B18: 7.1710577 | E18: =B18 -> 7.1710577 | G18: 1855 | I18: 219 | J18: 9 | K18: =J18/I18 -> 0.04109589 | O18: =K18/K19*O19 -> 0.040923877 | Q18: 1855 | R18: =ISNUMBER(O18)*ISNUMBER(E18) -> 1
A19: 1856 | B19: 6.7382199 | E19: =B19 -> 6.7382199 | G19: 1856 | I19: 281 | J19: 13 | K19: =J19/I19 -> 0.046263345 | O19: =K19/K20*O20 -> 0.046069703 | Q19: 1856 | R19: =ISNUMBER(O19)*ISNUMBER(E19) -> 1
A20: 1857 | B20: 6.4722593 | E20: =B20 -> 6.4722593 | G20: 1857 | I20: 294 | J20: 15 | K20: =J20/I20 -> 0.051020408 | O20: =K20/K21*O21 -> 0.050806855 | Q20: 1857 | R20: =ISNUMBER(O20)*ISNUMBER(E20) -> 1
A21: 1858 | B21: 7.5747533 | E21: =B21 -> 7.5747533 | G21: 1858 | I21: 272 | J21: 12 | K21: =J21/I21 -> 0.044117647 | O21: =K21/K22*O22 -> 0.043932986 | Q21: 1858 | R21: =ISNUMBER(O21)*ISNUMBER(E21) -> 1
... A33: 1870 | B33: 3.4816294 | E33: =B33 -> 3.4816294 | G33: 1870 | I33: 471 | J33: 42 | K33: =J33/I33 -> 0.089171975 | O33: =K33/K34*O34 -> 0.088798732 | Q33: 1870 | R33: =ISNUMBER(O33)*ISNUMBER(E33) -> 1
A34: 1871 | B34: 3.0487609 | E34: =B34 -> 3.0487609 | G34: 1871 | H34: 0.0817757 | I34: 493 | J34: 35 | K34: =J34/I34 -> 0.070993915 | O34: =K34/K35*O35 -> 0.070696759 | Q34: 1871 | R34: =ISNUMBER(O34)*ISNUMBER(E34) -> 1
A35: 1872 | B35: 3.083118 | E35: =B35 -> 3.083118 | G35: 1872 | H35: 0.0957944 | I35: 492 | J35: 41 | K35: =J35/I35 -> 0.083333333 | O35: =K35/K36*O36 -> 0.082984529 | Q35: 1872 | R35: =ISNUMBER(O35)*ISNUMBER(E35) -> 1
A36: 1873 | B36: 2.8504715 | E36: =B36 -> 2.8504715 | G36: 1873 | H36: 0.1227723 | I36: 594 | J36: 62 | K36: =J36/I36 -> 0.1043771 | O36: =K36/K37*O37 -> 0.10394022 | Q36: 1873 | R36: =ISNUMBER(O36)*ISNUMBER(E36) -> 1
A37: 1874 | B37: 2.8514531 | E37: =B37 -> 2.8514531 | G37: 1874 | H37: 0.1107206 | I37: 651 | J37: 63 | K37: =J37/I37 -> 0.096774194 | O37: =K37/K38*O38 -> 0.096369131 | Q37: 1874 | R37: =ISNUMBER(O37)*ISNUMBER(E37) -> 1
A38: 1875 | B38: 3.0193427 | E38: =B38 -> 3.0193427 | G38: 1875 | H38: 0.1002004 | I38: 574 | J38: 50 | K38: =J38/I38 -> 0.087108014 | O38: =K38/K39*O39 -> 0.08674341 | Q38: 1875 | R38: =ISNUMBER(O38)*ISNUMBER(E38) -> 1
A39: 1876 | B39: 3.2874812 | E39: =B39 -> 3.2874812 | G39: 1876 | H39: 0.0969582 | I39: 610 | J39: 51 | K39: =J39/I39 -> 0.083606557 | O39: =K39/K40*O40 -> 0.08325661 | Q39: 1876 | R39: =ISNUMBER(O39)*ISNUMBER(E39) -> 1
A40: 1877 | B40: 2.5874252 | E40: =B40 -> 2.5874252 | G40: 1877 | H40: 0.0983051 | I40: 645 | J40: 58 | K40: =J40/I40 -> 0.089922481 | O40: =K40/K41*O41 -> 0.089546097 | Q40: 1877 | R40: =ISNUMBER(O40)*ISNUMBER(E40) -> 1
A41: 1878 | B41: 2.8220656 | E41: =B41 -> 2.8220656 | G41: 1878 | H41: 0.0807636 | I41: 710 | J41: 55 | K41: =J41/I41 -> 0.077464789 | O41: =K41/K42*O42 -> 0.077140548 | Q41: 1878 | R41: =ISNUMBER(O41)*ISNUMBER(E41) -> 1
A42: 1879 | B42: 3.357177 | E42: =B42 -> 3.357177 | G42: 1879 | H42: 0.0816619 | I42: 712 | J42: 57 | K42: =J42/I42 -> 0.08005618 | O42: =K42/K43*O43 -> 0.079721093 | Q42: 1879 | R42: =ISNUMBER(O42)*ISNUMBER(E42) -> 1
A43: 1880 | B43: 5.8280028 | E43: =B43 -> 5.8280028 | G43: 1880 | H43: 0.0691748 | I43: 836 | J43: 57 | K43: =J43/I43 -> 0.068181818 | O43: =K43/K44*O44 -> 0.067896433 | Q43: 1880 | R43: =ISNUMBER(O43)*ISNUMBER(E43) -> 1
A44: 1881 | B44: 6.110736 | E44: =B44 -> 6.110736 | G44: 1881 | H44: 0.0791855 | I44: 902 | J44: 70 | K44: =J44/I44 -> 0.077605322 | O44: =K44/K45*O45 -> 0.077280493 | Q44: 1881 | R44: =ISNUMBER(O44)*ISNUMBER(E44) -> 1
A45: 1882 | B45: 6.0342046 | E45: =B45 -> 6.0342046 | G45: 1882 | H45: 0.0736699 | I45: 751 | J45: 54 | K45: =J45/I45 -> 0.071904128 | O45: =K45/K46*O46 -> 0.071603162 | Q45: 1882 | R45: =ISNUMBER(O45)*ISNUMBER(E45) -> 1
... A76: 1913 | B76: 6.3156916 | E76: =B76 -> 6.3156916 | G76: 1913 | H76: 0.1365518 | I76: 2466 | J76: 332 | K76: =J76/I76 -> 0.13463098 | O76: =K76/K77*O77 -> 0.13406746 | Q76: 1913 | R76: =ISNUMBER(O76)*ISNUMBER(E76) -> 1
A77: 1914 | G77: 1914 | H77: 0.1479804 | I77: 2365 | J77: 345 | K77: =J77/I77 -> 0.14587738 | O77: =K77/K78*O78 -> 0.14526679 | Q77: 1914 | R77: =ISNUMBER(O77)*ISNUMBER(E77) -> 0
A78: 1915 | G78: 1915 | H78: 0.0106272 | I78: 2769 | J78: 29 | K78: =J78/I78 -> 0.010473095 | O78: =K78/K79*O79 -> 0.010429258 | Q78: 1915 | R78: =ISNUMBER(O78)*ISNUMBER(E78) -> 0
A79: 1916 | G79: 1916 | H79: 0.0003688 | I79: 5483 | J79: 2 | K79: =J79/I79 -> 0.00036476382 | O79: =K79/K80*O80 -> 0.00036323704 | Q79: 1916 | R79: =ISNUMBER(O79)*ISNUMBER(E79) -> 0
A80: 1917 | G80: 1917 | H80: 8.1e-05 | I80: 6234 | J80: 0.5 | K80: =J80/I80 -> 8.0205326e-05 | O80: =K80/K82*O82 -> 7.9869614e-05 | Q80: 1917 | R80: =ISNUMBER(O80)*ISNUMBER(E80) -> 0
A81: 1918 | G81: 1918 | H81: 0 | I81: 6149 | J81: ---- | K81: =H81/H80*K80 -> 0 | O81: =K81/K82*O82 -> 0 | Q81: 1918 | R81: =ISNUMBER(O81)*ISNUMBER(E81) -> 0
A82: 1919 | G82: 1919 | H82: 0.012 | I82: 7920 | J82: 93 | K82: =J82/I82 -> 0.011742424 | O82: =K82/K83*O83 -> 0.011693275 | Q82: 1919 | R82: =ISNUMBER(O82)*ISNUMBER(E82) -> 0
A83: 1920 | B83: 55.052176 | E83: =B83 -> 55.052176 | G83: 1920 | H83: 0.0384901 | I83: 8228 | J83: 311 | K83: =J83/I83 -> 0.037797764 | O83: =K83/K84*O84 -> 0.037639556 | Q83: 1920 | R83: 0
A84: 1921 | B84: 103.8381 | E84: =B84 -> 103.8381 | G84: 1921 | H84: 0.0849509 | I84: 4485 | J84: 372 | K84: =J84/I84 -> 0.082943144 | O84: =K84/K85*O85 -> 0.082595973 | Q84: 1921 | R84: 0
A85: 1922 | G85: 1922 | H85: 0.0839309 | I85: 3832 | J85: 316 | K85: =J85/I85 -> 0.082463466 | O85: =K85/K86*O86 -> 0.082118302 | Q85: 1922 | R85: =ISNUMBER(O85)*ISNUMBER(E85) -> 0
A86: 1923 | G86: 1923 | H86: 0.0774872 | I86: 4167 | J86: 317 | K86: =J86/I86 -> 0.076073914 | O86: =K86/K87*O87 -> 0.075755495 | Q86: 1923 | R86: =ISNUMBER(O86)*ISNUMBER(E86) -> 0
A87: 1924 | B87: 3.9093298 | E87: =B87 -> 3.9093298 | G87: 1924 | H87: 0.0978213 | I87: 4591 | J87: 440 | K87: =J87/I87 -> 0.095839686 | O87: =K87/K88*O88 -> 0.095438535 | Q87: 1924 | R87: =ISNUMBER(O87)*ISNUMBER(E87) -> 1
A88: 1925 | B88: 4.7550084 | E88: =B88 -> 4.7550084 | G88: 1925 | H88: 0.0975306 | I88: 4910 | J88: 470 | K88: =J88/I88 -> 0.095723014 | O88: =K88/K89*O89 -> 0.095322351 | Q88: 1925 | R88: =ISNUMBER(O88)*ISNUMBER(E88) -> 1
A89: 1926 | B89: 9.4150641 | E89: =B89 -> 9.4150641 | G89: 1926 | H89: 0.0772496 | I89: 4809 | J89: 364 | K89: =J89/I89 -> 0.075691412 | O89: =K89/K90*O90 -> 0.075374594 | Q89: 1926 | R89: =ISNUMBER(O89)*ISNUMBER(E89) -> 1
A90: 1927 | B90: 8.8635397 | E90: =B90 -> 8.8635397 | G90: 1927 | H90: 0.1012818 | I90: 4865 | J90: 482 | K90: =J90/I90 -> 0.099075026 | O90: =K90/K91*O91 -> 0.098660332 | Q90: 1927 | R90: =ISNUMBER(O90)*ISNUMBER(E90) -> 1
A91: 1928 | B91: 7.9319503 | E91: =B91 -> 7.9319503 | G91: 1928 | H91: 0.0928429 | I91: 5128 | J91: 467 | K91: =J91/I91 -> 0.091068643 | O91: =K91/K92*O92 -> 0.090687461 | Q91: 1928 | R91: =ISNUMBER(O91)*ISNUMBER(E91) -> 1
A92: 1929 | B92: 8.1967213 | E92: =B92 -> 8.1967213 | G92: 1929 | H92: 0.0795036 | I92: 5241 | J92: 410 | K92: =J92/I92 -> 0.078229346 | O92: =K92/K93*O93 -> 0.077901905 | Q92: 1929 | R92: =ISNUMBER(O92)*ISNUMBER(E92) -> 1
A93: 1930 | B93: 10.464779 | E93: =B93 -> 10.464779 | G93: 1930 | H93: 0.0735255 | I93: 3843 | J93: 278 | K93: =J93/I93 -> 0.072339318 | O93: =K93/K94*O94 -> 0.072036531 | Q93: 1930 | R93: =ISNUMBER(O93)*ISNUMBER(E93) -> 1
A94: 1931 | B94: 17.086251 | E94: =B94 -> 17.086251 | G94: 1931 | H94: 0.0698066 | I94: 2424 | J94: 166 | K94: =J94/I94 -> 0.068481848 | O94: =K94/K95*O95 -> 0.068195207 | Q94: 1931 | R94: =ISNUMBER(O94)*ISNUMBER(E94) -> 1
A95: 1932 | B95: 23.769611 | E95: =B95 -> 23.769611 | G95: 1932 | H95: 0.0850254 | I95: 1611 | J95: 134 | K95: =J95/I95 -> 0.08317815 | O95: =K95/K96*O96 -> 0.082829996 | Q95: 1932 | R95: =ISNUMBER(O95)*ISNUMBER(E95) -> 1
A96: 1933 | B96: 25.482258 | E96: =B96 -> 25.482258 | G96: 1933 | H96: 0.085003 | I96: 1675 | J96: 140 | K96: =J96/I96 -> 0.08358209 | O96: =K96/K97*O97 -> 0.083232244 | Q96: 1933 | R96: =ISNUMBER(O96)*ISNUMBER(E96) -> 1
A97: 1934 | B97: 25.831835 | E97: =B97 -> 25.831835 | G97: 1934 | H97: 0.0519048 | I97: 2133 | J97: 109 | K97: =J97/I97 -> 0.051101735 | O97: =K97/K98*O98 -> 0.050887841 | Q97: 1934 | R97: =ISNUMBER(O97)*ISNUMBER(E97) -> 1
A98: 1935 | B98: 30.052936 | E98: =B98 -> 30.052936 | G98: 1935 | H98: 0.0410165 | I98: 2283 | J98: 92 | K98: =J98/I98 -> 0.040297854 | O98: =K98/K99*O99 -> 0.040129181 | Q98: 1935 | R98: =ISNUMBER(O98)*ISNUMBER(E98) -> 1
... A104: 1941 | B104: 16.187726 | E104: =B104 -> 16.187726 | G104: 1941 | H104: 0.000808 | I104: 5147 | J104: 0.5 | K104: =J104/I104 -> 9.7143967e-05 | O104: =K104/K105*O105 -> 9.6737357e-05 | Q104: 1941 | R104: =ISNUMBER(O104)*ISNUMBER(E104) -> 1
A105: 1942 | B105: 9.5731216 | E105: =B105 -> 9.5731216 | G105: 1942 | H105: 2.5e-06 | I105: 8079 | J105: ---- | K105: =H105/H104*K104 -> 3.0056921e-07 | O105: =K105/K106*O106 -> 2.9931113e-07 | Q105: 1942 | R105: =ISNUMBER(O105)*ISNUMBER(E105) -> 1
A106: 1943 | B106: 7.7500605 | E106: =B106 -> 7.7500605 | G106: 1943 | H106: 1.17e-06 | I106: 12965 | J106: ---- | K106: =H106/H105*K105 -> 1.4066639e-07 | O106: =K106/K107*O107 -> 1.4007761e-07 | Q106: 1943 | R106: =ISNUMBER(O106)*ISNUMBER(E106) -> 1
A107: 1944 | G107: 1944 | H107: 3.53e-05 | I107: 14259 | J107: 0.5 | K107: =J107/I107 -> 3.5065573e-05 | O107: =K107/K108*O108 -> 3.49188e-05 | Q107: 1944 | R107: =ISNUMBER(O107)*ISNUMBER(E107) -> 0
A108: 1945 | G108: 1945 | H108: 0.0002087 | I108: 9806 | J108: 2 | K108: =J108/I108 -> 0.00020395676 | O108: =K108/K109*O109 -> 0.00020310307 | Q108: 1945 | R108: =ISNUMBER(O108)*ISNUMBER(E108) -> 0
A109: 1946 | G109: 1946 | H109: 0.0087368 | I109: 9738 | J109: 83 | K109: =J109/I109 -> 0.0085233107 | O109: =K109/K110*O110 -> 0.0084876352 | Q109: 1946 | R109: =ISNUMBER(O109)*ISNUMBER(E109) -> 0
A110: 1947 | B110: 3.1 | E110: =B110 -> 3.1 | G110: 1947 | H110: 0.0089812 | I110: 14430 | J110: 128 | K110: =J110/I110 -> 0.0088704089 | O110: =K110/K111*O111 -> 0.0088332804 | Q110: 1947 | R110: =ISNUMBER(O110)*ISNUMBER(E110) -> 1
A111: 1948 | B111: 3.1289507 | E111: =B111 -> 3.1289507 | G111: 1948 | H111: 0.0665691 | I111: 12653 | J111: 863 | K111: =J111/I111 -> 0.068205169 | O111: =K111/K112*O112 -> 0.067919686 | Q111: 1948 | R111: =ISNUMBER(O111)*ISNUMBER(E111) -> 1
A112: 1949 | B112: 3.792633 | E112: =B112 -> 3.792633 | G112: 1949 | H112: 0.0688353 | I112: 12051 | J112: 822 | K112: =J112/I112 -> 0.068210107 | O112: =K112/K113*O113 -> 0.067924603 | Q112: 1949 | R112: =ISNUMBER(O112)*ISNUMBER(E112) -> 1
A113: 1950 | B113: 5.2631579 | E113: =B113 -> 5.2631579 | G113: 1950 | I113: 10275 | J113: 441 | K113: =J113/I113 -> 0.042919708 | O113: =K113/K114*O114 -> 0.042740061 | Q113: 1950 | R113: =ISNUMBER(O113)*ISNUMBER(E113) -> 1
A114: 1951 | B114: 5.4421769 | E114: =B114 -> 5.4421769 | G114: 1951 | I114: 15032 | J114: 523 | K114: =J114/I114 -> 0.034792443 | O114: =K114/K115*O115 -> 0.034646814 | Q114: 1951 | R114: =ISNUMBER(O114)*ISNUMBER(E114) -> 1
A115: 1952 | B115: 6.7901235 | E115: =B115 -> 6.7901235 | G115: 1952 | I115: 15201 | J115: 450 | K115: =J115/I115 -> 0.029603316 | O115: =K115/K116*O116 -> 0.029479406 | Q115: 1952 | R115: =ISNUMBER(O115)*ISNUMBER(E115) -> 1
A116: 1953 | B116: 8.125 | E116: =B116 -> 8.125 | G116: 1953 | I116: 15774 | J116: 363 | K116: =J116/I116 -> 0.023012552 | O116: =K116/K117*O117 -> 0.02291623 | Q116: 1953 | R116: =ISNUMBER(O116)*ISNUMBER(E116) -> 1
A117: 1954 | B117: 7.7720207 | E117: =B117 -> 7.7720207 | G117: 1954 | I117: 15110 | J117: 505 | K117: =J117/I117 -> 0.033421575 | O117: =K117/K118*O118 -> 0.033281684 | Q117: 1954 | R117: =ISNUMBER(O117)*ISNUMBER(E117) -> 1
A118: 1955 | B118: 7.3469388 | E118: =B118 -> 7.3469388 | G118: 1955 | I118: 15547 | J118: 607 | K118: =J118/I118 -> 0.039042902 | O118: =K118/K119*O119 -> 0.038879482 | Q118: 1955 | R118: =ISNUMBER(O118)*ISNUMBER(E118) -> 1
A119: 1956 | B119: 7.1428571 | E119: =B119 -> 7.1428571 | G119: 1956 | I119: 19090 | J119: 943 | K119: =J119/I119 -> 0.04939759 | O119: =K119/K120*O120 -> 0.049190829 | Q119: 1956 | R119: =ISNUMBER(O119)*ISNUMBER(E119) -> 1
A120: 1957 | B120: 6.3091483 | E120: =B120 -> 6.3091483 | G120: 1957 | I120: 20850 | J120: 1330 | K120: =J120/I120 -> 0.063788969 | O120: =K120/K121*O121 -> 0.063521971 | Q120: 1957 | R120: =ISNUMBER(O120)*ISNUMBER(E120) -> 1
A121: 1958 | B121: 6.7524116 | E121: =B121 -> 6.7524116 | G121: 1958 | I121: 17910 | J121: 887 | K121: =J121/I121 -> 0.049525405 | O121: =K121/K122*O122 -> 0.049318109 | Q121: 1958 | R121: =ISNUMBER(O121)*ISNUMBER(E121) -> 1
A122: 1959 | B122: 6.9832402 | E122: =B122 -> 6.9832402 | G122: 1959 | I122: 17634 | J122: 878 | K122: =J122/I122 -> 0.049790178 | O122: =K122/K123*O123 -> 0.049581774 | Q122: 1959 | R122: =ISNUMBER(O122)*ISNUMBER(E122) -> 1
A123: 1960 | B123: 6.557377 | E123: =B123 -> 6.557377 | G123: 1960 | I123: 20575 | J123: 1272 | K123: =J123/I123 -> 0.0618226 | O123: =K123/K124*O124 -> 0.061563833 | Q123: 1960 | R123: =ISNUMBER(O123)*ISNUMBER(E123) -> 1
A124: 1961 | B124: 6.981982 | E124: =B124 -> 6.981982 | G124: 1961 | I124: 20999 | J124: 1343 | K124: =J124/I124 -> 0.063955426 | O124: =K124/K125*O125 -> 0.063687731 | Q124: 1961 | R124: =ISNUMBER(O124)*ISNUMBER(E124) -> 1
... A127: 1964 | B127: 5.1020408 | E127: =B127 -> 5.1020408 | G127: 1964 | I127: 26508 | J127: 1606 | K127: =J127/I127 -> 0.060585484 | O127: =K127/K128*O128 -> 0.060331894 | Q127: 1964 | R127: =ISNUMBER(O127)*ISNUMBER(E127) -> 1
A128: 1965 | B128: 4.1193182 | D128: =INDEX('OECD tau'!$AT$10:$BM$69,MATCH($A128,'OECD tau'!$AS$10:$AS$69,0),MATCH($A$1,'OECD tau'!$AT$8:$BM$8,0)) -> 4.6033315 | E128: =B128 -> 4.1193182 | G128: 1965 | I128: 27470 | J128: 1649 | K128: =J128/I128 -> 0.060029123 | O128: =K128/K129*O129 -> 0.059777862 | Q128: 1965 | R128: =ISNUMBER(O128)*ISNUMBER(E128) -> 1
A129: 1966 | B129: 3.8514443 | D129: =INDEX('OECD tau'!$AT$10:$BM$69,MATCH($A129,'OECD tau'!$AS$10:$AS$69,0),MATCH($A$1,'OECD tau'!$AT$8:$BM$8,0)) -> 4.6973897 | E129: =B129 -> 3.8514443 | G129: 1966 | I129: 30320 | J129: 1674 | K129: =J129/I129 -> 0.055211082 | O129: =K129/K130*O130 -> 0.054979988 | Q129: 1966 | R129: =ISNUMBER(O129)*ISNUMBER(E129) -> 1
A130: 1967 | B130: 3.8461538 | D130: =INDEX('OECD tau'!$AT$10:$BM$69,MATCH($A130,'OECD tau'!$AS$10:$AS$69,0),MATCH($A$1,'OECD tau'!$AT$8:$BM$8,0)) -> 5.0943996 | E130: =B130 -> 3.8461538 | G130: 1967 | I130: 31526 | J130: 1706 | K130: =J130/I130 -> 0.054114065 | O130: =K130/K131*O131 -> 0.053887562 | Q130: 1967 | R130: =ISNUMBER(O130)*ISNUMBER(E130) -> 1
A131: 1968 | B131: 2.955665 | D131: =INDEX('OECD tau'!$AT$10:$BM$69,MATCH($A131,'OECD tau'!$AS$10:$AS$69,0),MATCH($A$1,'OECD tau'!$AT$8:$BM$8,0)) -> 4.0188771 | E131: =B131 -> 2.955665 | G131: 1968 | I131: 34636 | J131: 1709 | K131: =J131/I131 -> 0.049341725 | O131: =K131/K132*O132 -> 0.049135198 | Q131: 1968 | R131: =ISNUMBER(O131)*ISNUMBER(E131) -> 1
A132: 1969 | B132: 3.0612245 | D132: =INDEX('OECD tau'!$AT$10:$BM$69,MATCH($A132,'OECD tau'!$AS$10:$AS$69,0),MATCH($A$1,'OECD tau'!$AT$8:$BM$8,0)) -> 3.7206209 | E132: =B132 -> 3.0612245 | G132: 1969 | I132: 38006 | J132: 2142 | K132: =J132/I132 -> 0.056359522 | O132: =K132/K133*O133 -> 0.056123621 | Q132: 1969 | R132: =ISNUMBER(O132)*ISNUMBER(E132) -> 1
A133: 1970 | B133: 2.6363636 | D133: =INDEX('OECD tau'!$AT$10:$BM$69,MATCH($A133,'OECD tau'!$AS$10:$AS$69,0),MATCH($A$1,'OECD tau'!$AT$8:$BM$8,0)) -> 3.3082512 | E133: =B133 -> 2.6363636 | G133: 1970 | I133: 43224 | J133: 2741 | K133: =J133/I133 -> 0.063413844 | O133: =K133/K134*O134 -> 0.063148416 | Q133: 1970 | R133: =ISNUMBER(O133)*ISNUMBER(E133) -> 1
A134: 1971 | B134: 2.5833333 | D134: =INDEX('OECD tau'!$AT$10:$BM$69,MATCH($A134,'OECD tau'!$AS$10:$AS$69,0),MATCH($A$1,'OECD tau'!$AT$8:$BM$8,0)) -> 3.0772431 | E134: =B134 -> 2.5833333 | G134: 1971 | I134: 44130 | J134: 2831 | K134: =J134/I134 -> 0.064151371 | O134: =K134/K135*O135 -> 0.063882856 | Q134: 1971 | R134: =ISNUMBER(O134)*ISNUMBER(E134) -> 1
A135: 1972 | B135: 2.4806202 | D135: =INDEX('OECD tau'!$AT$10:$BM$69,MATCH($A135,'OECD tau'!$AS$10:$AS$69,0),MATCH($A$1,'OECD tau'!$AT$8:$BM$8,0)) -> 2.9234437 | E135: =B135 -> 2.4806202 | G135: 1972 | I135: 49779 | J135: 2808 | K135: =J135/I135 -> 0.056409329 | O135: =K135/K136*O136 -> 0.05617322 | Q135: 1972 | R135: =ISNUMBER(O135)*ISNUMBER(E135) -> 1
A136: 1973 | B136: 2.2068966 | D136: =INDEX('OECD tau'!$AT$10:$BM$69,MATCH($A136,'OECD tau'!$AS$10:$AS$69,0),MATCH($A$1,'OECD tau'!$AT$8:$BM$8,0)) -> 2.7448588 | E136: =B136 -> 2.2068966 | G136: 1973 | I136: 71339 | J136: 3756 | K136: =J136/I136 -> 0.052650023 | O136: =K136/K137*O137 -> 0.052429649 | Q136: 1973 | R136: =ISNUMBER(O136)*ISNUMBER(E136) -> 1
A137: 1974 | B137: 1.8333333 | D137: =INDEX('OECD tau'!$AT$10:$BM$69,MATCH($A137,'OECD tau'!$AS$10:$AS$69,0),MATCH($A$1,'OECD tau'!$AT$8:$BM$8,0)) -> 2.3867338 | E137: =B137 -> 1.8333333 | G137: 1974 | I137: 98507 | J137: 4985 | K137: =J137/I137 -> 0.050605541 | O137: =K137/K138*O138 -> 0.050393724 | Q137: 1974 | R137: =ISNUMBER(O137)*ISNUMBER(E137) -> 1
A138: 1975 | B138: 1.7934783 | D138: =INDEX('OECD tau'!$AT$10:$BM$69,MATCH($A138,'OECD tau'!$AS$10:$AS$69,0),MATCH($A$1,'OECD tau'!$AT$8:$BM$8,0)) -> 2.3348074 | E138: =B138 -> 1.7934783 | G138: 1975 | I138: 107592 | J138: 5194 | K138: =J138/I138 -> 0.048274965 | O138: =K138/K139*O139 -> 0.048072903 | Q138: 1975 | R138: =ISNUMBER(O138)*ISNUMBER(E138) -> 1
A139: 1976 | B139: 1.6666667 | D139: =INDEX('OECD tau'!$AT$10:$BM$69,MATCH($A139,'OECD tau'!$AS$10:$AS$69,0),MATCH($A$1,'OECD tau'!$AT$8:$BM$8,0)) -> 2.196201 | E139: =B139 -> 1.6666667 | G139: 1976 | I139: 114992 | J139: 5731 | K139: =J139/I139 -> 0.04983825 | O139: =K139/K140*O140 -> 0.049629644 | Q139: 1976 | R139: =ISNUMBER(O139)*ISNUMBER(E139) -> 1
... A145: 1982 | B145: 1.25 | D145: =INDEX('OECD tau'!$AT$10:$BM$69,MATCH($A145,'OECD tau'!$AS$10:$AS$69,0),MATCH($A$1,'OECD tau'!$AT$8:$BM$8,0)) -> 1.575392 | E145: =B145 -> 1.25 | G145: 1982 | I145: 212275 | J145: 9291 | K145: =J145/I145 -> 0.043768696 | O145: =K145/K146*O146 -> 0.043585496 | Q145: 1982 | R145: =ISNUMBER(O145)*ISNUMBER(E145) -> 1
A146: 1983 | D146: =INDEX('OECD tau'!$AT$10:$BM$69,MATCH($A146,'OECD tau'!$AS$10:$AS$69,0),MATCH($A$1,'OECD tau'!$AT$8:$BM$8,0)) -> 1.5487404 | E146: =D146 -> 1.5487404 | G146: 1983 | I146: 200538 | J146: 8737 | K146: =J146/I146 -> 0.043567803 | O146: =K146/K147*O147 -> 0.043385443 | Q146: 1983 | R146: =ISNUMBER(O146)*ISNUMBER(E146) -> 1
A147: 1984 | D147: =INDEX('OECD tau'!$AT$10:$BM$69,MATCH($A147,'OECD tau'!$AS$10:$AS$69,0),MATCH($A$1,'OECD tau'!$AT$8:$BM$8,0)) -> 1.507809 | E147: =D147 -> 1.507809 | G147: 1984 | I147: 217888 | J147: 9084 | K147: =J147/I147 -> 0.041691144 | O147: =K147/K148*O148 -> 0.04151664 | Q147: 1984 | R147: =ISNUMBER(O147)*ISNUMBER(E147) -> 1
A148: 1985 | D148: =INDEX('OECD tau'!$AT$10:$BM$69,MATCH($A148,'OECD tau'!$AS$10:$AS$69,0),MATCH($A$1,'OECD tau'!$AT$8:$BM$8,0)) -> 1.2895492 | E148: =D148 -> 1.2895492 | G148: 1985 | I148: 218828 | J148: 9123 | K148: =J148/I148 -> 0.041690277 | O148: =K148/K149*O149 -> 0.041515776 | Q148: 1985 | R148: =ISNUMBER(O148)*ISNUMBER(E148) -> 1
A149: 1986 | D149: =INDEX('OECD tau'!$AT$10:$BM$69,MATCH($A149,'OECD tau'!$AS$10:$AS$69,0),MATCH($A$1,'OECD tau'!$AT$8:$BM$8,0)) -> 1.3808315 | E149: =D149 -> 1.3808315 | G149: 1986 | I149: 227159 | J149: 10628 | K149: =J149/I149 -> 0.046786612 | O149: =K149/K150*O150 -> 0.04659078 | Q149: 1986 | R149: =ISNUMBER(O149)*ISNUMBER(E149) -> 1
A150: 1987 | D150: =INDEX('OECD tau'!$AT$10:$BM$69,MATCH($A150,'OECD tau'!$AS$10:$AS$69,0),MATCH($A$1,'OECD tau'!$AT$8:$BM$8,0)) -> 1.4680874 | E150: =D150 -> 1.4680874 | G150: 1987 | I150: 254122 | J150: 11802 | K150: =J150/I150 -> 0.04644226 | O150: =K150/K151*O151 -> 0.046247869 | Q150: 1987 | R150: =ISNUMBER(O150)*ISNUMBER(E150) -> 1
A151: 1988 | D151: =INDEX('OECD tau'!$AT$10:$BM$69,MATCH($A151,'OECD tau'!$AS$10:$AS$69,0),MATCH($A$1,'OECD tau'!$AT$8:$BM$8,0)) -> 1.5321014 | E151: =D151 -> 1.5321014 | G151: 1988 | I151: 322426 | J151: 14457 | K151: =J151/I151 -> 0.044838195 | O151: =K151/K152*O152 -> 0.044650518 | Q151: 1988 | R151: =ISNUMBER(O151)*ISNUMBER(E151) -> 1
A152: 1989 | D152: =INDEX('OECD tau'!$AT$10:$BM$69,MATCH($A152,'OECD tau'!$AS$10:$AS$69,0),MATCH($A$1,'OECD tau'!$AT$8:$BM$8,0)) -> 1.4110188 | E152: =D152 -> 1.4110188 | G152: 1989 | I152: 363812 | J152: 16956 | K152: =J152/I152 -> 0.046606489 | L152: 363765.5 | M152: 16882.87 | N152: =M152/L152 -> 0.046411411 | O152: =N152 -> 0.046411411 | Q152: 1989 | R152: =ISNUMBER(O152)*ISNUMBER(E152) -> 1
A153: 1990 | D153: =INDEX('OECD tau'!$AT$10:$BM$69,MATCH($A153,'OECD tau'!$AS$10:$AS$69,0),MATCH($A$1,'OECD tau'!$AT$8:$BM$8,0)) -> 1.3516127 | E153: =D153 -> 1.3516127 | G153: 1990 | I153: 393592 | J153: 18760 | K153: =J153/I153 -> 0.04766357 | L153: 392975.79 | M153: 18690.1 | N153: =M153/L153 -> 0.047560436 | O153: =N153 -> 0.047560436 | Q153: 1990 | R153: =ISNUMBER(O153)*ISNUMBER(E153) -> 1
...

Sheet ITA
A1: ITA | B1: Avg tariff rate | G1: Export shares
A2: year | B2: tau_ita_mitchell | C2: tau_ita_tradhist | D2: tau_ita_oecd | E2: tau_ita_own | G2: year | H2: xpshr_ita_tradhist | I2: total_exports_hsus | J2: exports_hsus | K2: total_exports_usitc | L2: exports_usitc | M2: xpshr_ita_usitc | N2: xpshr_ita_own | P2: year | Q2: Identifier
A3: 1840 | G3: 1840 | H3: 0.0106236 | P3: 1840 | Q3: =ISNUMBER(M3)*ISNUMBER(E3) -> 0
A4: 1841 | G4: 1841 | P4: 1841 | Q4: =ISNUMBER(M4)*ISNUMBER(E4) -> 0
A5: 1842 | G5: 1842 | P5: 1842 | Q5: =ISNUMBER(M5)*ISNUMBER(E5) -> 0
A6: 1843 | G6: 1843 | P6: 1843 | Q6: =ISNUMBER(M6)*ISNUMBER(E6) -> 0
A7: 1844 | G7: 1844 | P7: 1844 | Q7: =ISNUMBER(M7)*ISNUMBER(E7) -> 0
A8: 1845 | G8: 1845 | P8: 1845 | Q8: =ISNUMBER(M8)*ISNUMBER(E8) -> 0
A9: 1846 | G9: 1846 | P9: 1846 | Q9: =ISNUMBER(M9)*ISNUMBER(E9) -> 0
A10: 1847 | G10: 1847 | P10: 1847 | Q10: =ISNUMBER(M10)*ISNUMBER(E10) -> 0
A11: 1848 | G11: 1848 | P11: 1848 | Q11: =ISNUMBER(M11)*ISNUMBER(E11) -> 0
A12: 1849 | G12: 1849 | P12: 1849 | Q12: =ISNUMBER(M12)*ISNUMBER(E12) -> 0
A13: 1850 | G13: 1850 | P13: 1850 | Q13: =ISNUMBER(M13)*ISNUMBER(E13) -> 0
A14: 1851 | G14: 1851 | P14: 1851 | Q14: =ISNUMBER(M14)*ISNUMBER(E14) -> 0
A15: 1852 | G15: 1852 | P15: 1852 | Q15: =ISNUMBER(M15)*ISNUMBER(E15) -> 0
... A23: 1860 | G23: 1860 | P23: 1860 | Q23: =ISNUMBER(M23)*ISNUMBER(E23) -> 0
A24: 1861 | G24: 1861 | H24: 0.0280135 | N24: =H24/H25*N25 -> 0.024971449 | P24: 1861 | Q24: =ISNUMBER(N24)*ISNUMBER(E24) -> 0
A25: 1862 | B25: 7.1084337 | E25: =B25 -> 7.1084337 | G25: 1862 | H25: 0.0193293 | N25: =H25/H26*N26 -> 0.017230286 | P25: 1862 | Q25: =ISNUMBER(N25)*ISNUMBER(E25) -> 1
A26: 1863 | B26: 6.6518847 | E26: =B26 -> 6.6518847 | G26: 1863 | H26: 0.0089081 | N26: =H26/H27*N27 -> 0.0079407488 | P26: 1863 | Q26: =ISNUMBER(N26)*ISNUMBER(E26) -> 1
A27: 1864 | B27: 5.995935 | E27: =B27 -> 5.995935 | G27: 1864 | H27: 0.0241401 | N27: =H27/H28*N28 -> 0.021518671 | P27: 1864 | Q27: =ISNUMBER(N27)*ISNUMBER(E27) -> 1
A28: 1865 | B28: 6.5284974 | E28: =B28 -> 6.5284974 | G28: 1865 | H28: 0.0175452 | N28: =H28/H29*N29 -> 0.015639926 | P28: 1865 | Q28: =ISNUMBER(N28)*ISNUMBER(E28) -> 1
A29: 1866 | B29: 7.7100115 | E29: =B29 -> 7.7100115 | G29: 1866 | H29: 0.0137202 | N29: =H29/H30*N30 -> 0.012230292 | P29: 1866 | Q29: =ISNUMBER(N29)*ISNUMBER(E29) -> 1
A30: 1867 | B30: 7.4660633 | E30: =B30 -> 7.4660633 | G30: 1867 | H30: 0.0297113 | N30: =H30/H31*N31 -> 0.026484881 | P30: 1867 | Q30: =ISNUMBER(N30)*ISNUMBER(E30) -> 1
A31: 1868 | B31: 8.3798883 | E31: =B31 -> 8.3798883 | G31: 1868 | H31: 0.0371001 | N31: =H31/H32*N32 -> 0.033071314 | P31: 1868 | Q31: =ISNUMBER(N31)*ISNUMBER(E31) -> 1
A32: 1869 | B32: 8.6631016 | E32: =B32 -> 8.6631016 | G32: 1869 | H32: 0.0336404 | N32: =H32/H33*N33 -> 0.029987311 | P32: 1869 | Q32: =ISNUMBER(N32)*ISNUMBER(E32) -> 1
A33: 1870 | B33: 8.2681564 | E33: =B33 -> 8.2681564 | G33: 1870 | H33: 0.021597 | N33: =H33/H34*N34 -> 0.019251732 | P33: 1870 | Q33: =ISNUMBER(N33)*ISNUMBER(E33) -> 1
A34: 1871 | B34: 8.4287201 | E34: =B34 -> 8.4287201 | G34: 1871 | H34: 0.0240334 | N34: =H34/H35*N35 -> 0.021423557 | P34: 1871 | Q34: =ISNUMBER(N34)*ISNUMBER(E34) -> 1
A35: 1872 | B35: 7.4387151 | E35: =B35 -> 7.4387151 | G35: 1872 | H35: 0.0205816 | N35: =H35/H36*N36 -> 0.018346596 | P35: 1872 | Q35: =ISNUMBER(N35)*ISNUMBER(E35) -> 1
A36: 1873 | B36: 7.6923077 | E36: =B36 -> 7.6923077 | G36: 1873 | H36: 0.0187366 | N36: =H36/H37*N37 -> 0.016701949 | P36: 1873 | Q36: =ISNUMBER(N36)*ISNUMBER(E36) -> 1
... A105: 1942 | B105: 8.2561618 | E105: =B105 -> 8.2561618 | G105: 1942 | H105: 0.0001186 | N105: =H105/H106*N106 -> 0.00010572095 | P105: 1942 | Q105: =ISNUMBER(N105)*ISNUMBER(E105) -> 1
A106: 1943 | G106: 1943 | H106: 0.0011843 | N106: =H106/H107*N107 -> 0.0010556941 | P106: 1943 | Q106: =ISNUMBER(N106)*ISNUMBER(E106) -> 0
A107: 1944 | G107: 1944 | H107: 0.0305883 | N107: =H107/H108*N108 -> 0.027266646 | P107: 1944 | Q107: =ISNUMBER(N107)*ISNUMBER(E107) -> 0
A108: 1945 | G108: 1945 | H108: 0.0240675 | N108: =H108/H109*N109 -> 0.021453954 | P108: 1945 | Q108: =ISNUMBER(N108)*ISNUMBER(E108) -> 0
A109: 1946 | G109: 1946 | H109: 0.0390139 | N109: =H109/H110*N110 -> 0.03477729 | P109: 1946 | Q109: =ISNUMBER(N109)*ISNUMBER(E109) -> 0
A110: 1947 | B110: 0.42689434 | E110: =B110 -> 0.42689434 | G110: 1947 | H110: 0.0461652 | N110: =H110/H111*N111 -> 0.041152014 | P110: 1947 | Q110: =ISNUMBER(N110)*ISNUMBER(E110) -> 1
A111: 1948 | B111: 1.5402844 | E111: =B111 -> 1.5402844 | G111: 1948 | H111: 0.043972 | N111: =H111/H112*N112 -> 0.039196979 | P111: 1948 | Q111: =ISNUMBER(N111)*ISNUMBER(E111) -> 1
A112: 1949 | B112: 0.79275198 | E112: =B112 -> 0.79275198 | G112: 1949 | H112: 0.0446173 | N112: =H112/H113*N113 -> 0.039772204 | P112: 1949 | Q112: =ISNUMBER(N112)*ISNUMBER(E112) -> 1
A113: 1950 | B113: 0.64794816 | E113: =B113 -> 0.64794816 | G113: 1950 | H113: 0.0340276 | N113: =H113/H114*N114 -> 0.030332464 | P113: 1950 | Q113: =ISNUMBER(N113)*ISNUMBER(E113) -> 1
A114: 1951 | B114: 4.2066421 | E114: =B114 -> 4.2066421 | G114: 1951 | H114: 0.0305012 | N114: =H114/H115*N115 -> 0.027189004 | P114: 1951 | Q114: =ISNUMBER(N114)*ISNUMBER(E114) -> 1
A115: 1952 | B115: 5.0684932 | E115: =B115 -> 5.0684932 | G115: 1952 | H115: 0.032912 | N115: =H115/H116*N116 -> 0.02933801 | P115: 1952 | Q115: =ISNUMBER(N115)*ISNUMBER(E115) -> 1
A116: 1953 | B116: 5.8162591 | E116: =B116 -> 5.8162591 | G116: 1953 | H116: 0.0211775 | N116: =H116/H117*N117 -> 0.018877786 | P116: 1953 | Q116: =ISNUMBER(N116)*ISNUMBER(E116) -> 1
A117: 1954 | B117: 7.152231 | E117: =B117 -> 7.152231 | G117: 1954 | H117: 0.0203211 | N117: =H117/H118*N118 -> 0.018114385 | P117: 1954 | Q117: =ISNUMBER(N117)*ISNUMBER(E117) -> 1
A118: 1955 | B118: 6.9616519 | E118: =B118 -> 6.9616519 | G118: 1955 | H118: 0.0263004 | N118: =H118/H119*N119 -> 0.023444379 | P118: 1955 | Q118: =ISNUMBER(N118)*ISNUMBER(E118) -> 1
A119: 1956 | B119: 6.703629 | E119: =B119 -> 6.703629 | G119: 1956 | H119: 0.0276418 | N119: =H119/H120*N120 -> 0.024640113 | P119: 1956 | Q119: =ISNUMBER(N119)*ISNUMBER(E119) -> 1
A120: 1957 | B120: 6.489547 | E120: =B120 -> 6.489547 | G120: 1957 | H120: 0.0332039 | N120: =H120/H121*N121 -> 0.029598212 | P120: 1957 | Q120: =ISNUMBER(N120)*ISNUMBER(E120) -> 1
A121: 1958 | B121: 7.8109453 | E121: =B121 -> 7.8109453 | G121: 1958 | H121: 0.0294767 | N121: =H121/H122*N122 -> 0.026275757 | P121: 1958 | Q121: =ISNUMBER(N121)*ISNUMBER(E121) -> 1
... A127: 1964 | B127: 6.0225017 | E127: =B127 -> 6.0225017 | G127: 1964 | H127: 0.0371379 | N127: =H127/H128*N128 -> 0.033105009 | P127: 1964 | Q127: =ISNUMBER(N127)*ISNUMBER(E127) -> 1
A128: 1965 | B128: 4.8362611 | D128: =INDEX('OECD tau'!$AT$10:$BM$69,MATCH($A128,'OECD tau'!$AS$10:$AS$69,0),MATCH($A$1,'OECD tau'!$AT$8:$BM$8,0)) -> 5.9423033 | E128: =B128 -> 4.8362611 | G128: 1965 | H128: 0.035902 | N128: =H128/H129*N129 -> 0.032003319 | P128: 1965 | Q128: =ISNUMBER(N128)*ISNUMBER(E128) -> 1
A129: 1966 | B129: 4.228763 | D129: =INDEX('OECD tau'!$AT$10:$BM$69,MATCH($A129,'OECD tau'!$AS$10:$AS$69,0),MATCH($A$1,'OECD tau'!$AT$8:$BM$8,0)) -> 5.9776648 | E129: =B129 -> 4.228763 | G129: 1966 | H129: 0.0339181 | N129: =H129/H130*N130 -> 0.030234855 | P129: 1966 | Q129: =ISNUMBER(N129)*ISNUMBER(E129) -> 1
A130: 1967 | B130: 4.1028981 | D130: =INDEX('OECD tau'!$AT$10:$BM$69,MATCH($A130,'OECD tau'!$AS$10:$AS$69,0),MATCH($A$1,'OECD tau'!$AT$8:$BM$8,0)) -> 5.9579934 | E130: =B130 -> 4.1028981 | G130: 1967 | H130: 0.0315629 | N130: =H130/H131*N131 -> 0.028135411 | P130: 1967 | Q130: =ISNUMBER(N130)*ISNUMBER(E130) -> 1
A131: 1968 | B131: 3.0953492 | D131: =INDEX('OECD tau'!$AT$10:$BM$69,MATCH($A131,'OECD tau'!$AS$10:$AS$69,0),MATCH($A$1,'OECD tau'!$AT$8:$BM$8,0)) -> 6.5640133 | E131: =B131 -> 3.0953492 | G131: 1968 | H131: 0.0332002 | N131: =H131/H132*N132 -> 0.029594913 | P131: 1968 | Q131: =ISNUMBER(N131)*ISNUMBER(E131) -> 1
A132: 1969 | B132: 2.6950719 | D132: =INDEX('OECD tau'!$AT$10:$BM$69,MATCH($A132,'OECD tau'!$AS$10:$AS$69,0),MATCH($A$1,'OECD tau'!$AT$8:$BM$8,0)) -> 5.6446425 | E132: =B132 -> 2.6950719 | G132: 1969 | H132: 0.0359215 | N132: =H132/H133*N133 -> 0.032020701 | P132: 1969 | Q132: =ISNUMBER(N132)*ISNUMBER(E132) -> 1
A133: 1970 | B133: 2.5 | D133: =INDEX('OECD tau'!$AT$10:$BM$69,MATCH($A133,'OECD tau'!$AS$10:$AS$69,0),MATCH($A$1,'OECD tau'!$AT$8:$BM$8,0)) -> 4.648434 | E133: =B133 -> 2.5 | G133: 1970 | H133: 0.0346972 | N133: =H133/H134*N134 -> 0.030929351 | P133: 1970 | Q133: =ISNUMBER(N133)*ISNUMBER(E133) -> 1
A134: 1971 | B134: 2.2222222 | D134: =INDEX('OECD tau'!$AT$10:$BM$69,MATCH($A134,'OECD tau'!$AS$10:$AS$69,0),MATCH($A$1,'OECD tau'!$AT$8:$BM$8,0)) -> 4.0904949 | E134: =B134 -> 2.2222222 | G134: 1971 | H134: 0.031236 | N134: =H134/H135*N135 -> 0.02784401 | P134: 1971 | Q134: =ISNUMBER(N134)*ISNUMBER(E134) -> 1
A135: 1972 | B135: 2.0619469 | D135: =INDEX('OECD tau'!$AT$10:$BM$69,MATCH($A135,'OECD tau'!$AS$10:$AS$69,0),MATCH($A$1,'OECD tau'!$AT$8:$BM$8,0)) -> 3.370684 | E135: =B135 -> 2.0619469 | G135: 1972 | H135: 0.0311204 | N135: =H135/H136*N136 -> 0.027740964 | P135: 1972 | Q135: =ISNUMBER(N135)*ISNUMBER(E135) -> 1
A136: 1973 | B136: 1.6380368 | D136: =INDEX('OECD tau'!$AT$10:$BM$69,MATCH($A136,'OECD tau'!$AS$10:$AS$69,0),MATCH($A$1,'OECD tau'!$AT$8:$BM$8,0)) -> 2.194149 | E136: =B136 -> 1.6380368 | G136: 1973 | H136: 0.0319884 | N136: =H136/H137*N137 -> 0.028514705 | P136: 1973 | Q136: =ISNUMBER(N136)*ISNUMBER(E136) -> 1
A137: 1974 | B137: 1.2509363 | D137: =INDEX('OECD tau'!$AT$10:$BM$69,MATCH($A137,'OECD tau'!$AS$10:$AS$69,0),MATCH($A$1,'OECD tau'!$AT$8:$BM$8,0)) -> 1.4523115 | E137: =B137 -> 1.2509363 | G137: 1974 | H137: 0.0310697 | N137: =H137/H138*N138 -> 0.027695769 | P137: 1974 | Q137: =ISNUMBER(N137)*ISNUMBER(E137) -> 1
A138: 1975 | D138: =INDEX('OECD tau'!$AT$10:$BM$69,MATCH($A138,'OECD tau'!$AS$10:$AS$69,0),MATCH($A$1,'OECD tau'!$AT$8:$BM$8,0)) -> 0.33483195 | E138: =D138 -> 0.33483195 | G138: 1975 | H138: 0.03105 | N138: =H138/H139*N139 -> 0.027678208 | P138: 1975 | Q138: =ISNUMBER(N138)*ISNUMBER(E138) -> 1
A139: 1976 | D139: =INDEX('OECD tau'!$AT$10:$BM$69,MATCH($A139,'OECD tau'!$AS$10:$AS$69,0),MATCH($A$1,'OECD tau'!$AT$8:$BM$8,0)) -> 0.60440835 | E139: =D139 -> 0.60440835 | G139: 1976 | H139: 0.0294393 | N139: =H139/H140*N140 -> 0.026242418 | P139: 1976 | Q139: =ISNUMBER(N139)*ISNUMBER(E139) -> 1
A140: 1977 | D140: =INDEX('OECD tau'!$AT$10:$BM$69,MATCH($A140,'OECD tau'!$AS$10:$AS$69,0),MATCH($A$1,'OECD tau'!$AT$8:$BM$8,0)) -> 1.1548436 | E140: =D140 -> 1.1548436 | G140: 1977 | H140: 0.0269254 | N140: =H140/H141*N141 -> 0.024001508 | P140: 1977 | Q140: =ISNUMBER(N140)*ISNUMBER(E140) -> 1
A141: 1978 | D141: =INDEX('OECD tau'!$AT$10:$BM$69,MATCH($A141,'OECD tau'!$AS$10:$AS$69,0),MATCH($A$1,'OECD tau'!$AT$8:$BM$8,0)) -> 1.2534464 | E141: =D141 -> 1.2534464 | G141: 1978 | H141: 0.0262103 | N141: =H141/H142*N142 -> 0.023364063 | P141: 1978 | Q141: =ISNUMBER(N141)*ISNUMBER(E141) -> 1
A142: 1979 | D142: =INDEX('OECD tau'!$AT$10:$BM$69,MATCH($A142,'OECD tau'!$AS$10:$AS$69,0),MATCH($A$1,'OECD tau'!$AT$8:$BM$8,0)) -> 0.83748675 | E142: =D142 -> 0.83748675 | G142: 1979 | H142: 0.0284086 | N142: =H142/H143*N143 -> 0.025323644 | P142: 1979 | Q142: =ISNUMBER(N142)*ISNUMBER(E142) -> 1
A143: 1980 | D143: =INDEX('OECD tau'!$AT$10:$BM$69,MATCH($A143,'OECD tau'!$AS$10:$AS$69,0),MATCH($A$1,'OECD tau'!$AT$8:$BM$8,0)) -> 0.59136975 | E143: =D143 -> 0.59136975 | G143: 1980 | H143: 0.0295669 | N143: =H143/H144*N144 -> 0.026356162 | P143: 1980 | Q143: =ISNUMBER(N143)*ISNUMBER(E143) -> 1
A144: 1981 | D144: =INDEX('OECD tau'!$AT$10:$BM$69,MATCH($A144,'OECD tau'!$AS$10:$AS$69,0),MATCH($A$1,'OECD tau'!$AT$8:$BM$8,0)) -> 1.0754961 | E144: =D144 -> 1.0754961 | G144: 1981 | H144: 0.0244197 | N144: =H144/H145*N145 -> 0.021767908 | P144: 1981 | Q144: =ISNUMBER(N144)*ISNUMBER(E144) -> 1
A145: 1982 | B145: 0.086206897 | D145: =INDEX('OECD tau'!$AT$10:$BM$69,MATCH($A145,'OECD tau'!$AS$10:$AS$69,0),MATCH($A$1,'OECD tau'!$AT$8:$BM$8,0)) -> 1.1504838 | E145: =D145 -> 1.1504838 | G145: 1982 | H145: 0.025734 | N145: =H145/H146*N146 -> 0.022939485 | P145: 1982 | Q145: =ISNUMBER(N145)*ISNUMBER(E145) -> 1
A146: 1983 | B146: 0.081967213 | D146: =INDEX('OECD tau'!$AT$10:$BM$69,MATCH($A146,'OECD tau'!$AS$10:$AS$69,0),MATCH($A$1,'OECD tau'!$AT$8:$BM$8,0)) -> 1.108998 | E146: =D146 -> 1.108998 | G146: 1983 | H146: 0.0222092 | N146: =H146/H147*N147 -> 0.019797451 | P146: 1983 | Q146: =ISNUMBER(N146)*ISNUMBER(E146) -> 1
A147: 1984 | B147: 0.067567568 | D147: =INDEX('OECD tau'!$AT$10:$BM$69,MATCH($A147,'OECD tau'!$AS$10:$AS$69,0),MATCH($A$1,'OECD tau'!$AT$8:$BM$8,0)) -> 0.99671745 | E147: =D147 -> 0.99671745 | G147: 1984 | H147: 0.022203 | N147: =H147/H148*N148 -> 0.019791925 | P147: 1984 | Q147: =ISNUMBER(N147)*ISNUMBER(E147) -> 1
A148: 1985 | D148: =INDEX('OECD tau'!$AT$10:$BM$69,MATCH($A148,'OECD tau'!$AS$10:$AS$69,0),MATCH($A$1,'OECD tau'!$AT$8:$BM$8,0)) -> 0.97270629 | E148: =D148 -> 0.97270629 | G148: 1985 | H148: 0.0234032 | N148: =H148/H149*N149 -> 0.020861792 | P148: 1985 | Q148: =ISNUMBER(N148)*ISNUMBER(E148) -> 1
A149: 1986 | D149: =INDEX('OECD tau'!$AT$10:$BM$69,MATCH($A149,'OECD tau'!$AS$10:$AS$69,0),MATCH($A$1,'OECD tau'!$AT$8:$BM$8,0)) -> 1.1889055 | E149: =D149 -> 1.1889055 | G149: 1986 | H149: 0.0238886 | N149: =H149/H150*N150 -> 0.021294482 | P149: 1986 | Q149: =ISNUMBER(N149)*ISNUMBER(E149) -> 1
A150: 1987 | D150: =INDEX('OECD tau'!$AT$10:$BM$69,MATCH($A150,'OECD tau'!$AS$10:$AS$69,0),MATCH($A$1,'OECD tau'!$AT$8:$BM$8,0)) -> 1.2345559 | E150: =D150 -> 1.2345559 | G150: 1987 | H150: 0.0249876 | N150: =H150/H151*N151 -> 0.022274139 | P150: 1987 | Q150: =ISNUMBER(N150)*ISNUMBER(E150) -> 1
A151: 1988 | D151: =INDEX('OECD tau'!$AT$10:$BM$69,MATCH($A151,'OECD tau'!$AS$10:$AS$69,0),MATCH($A$1,'OECD tau'!$AT$8:$BM$8,0)) -> 1.257849 | E151: =D151 -> 1.257849 | G151: 1988 | H151: 0.0232133 | N151: =H151/H152*N152 -> 0.020692514 | P151: 1988 | Q151: =ISNUMBER(N151)*ISNUMBER(E151) -> 1
A152: 1989 | D152: =INDEX('OECD tau'!$AT$10:$BM$69,MATCH($A152,'OECD tau'!$AS$10:$AS$69,0),MATCH($A$1,'OECD tau'!$AT$8:$BM$8,0)) -> 1.0085397 | E152: =D152 -> 1.0085397 | G152: 1989 | H152: 0.022304 | K152: 363765.5 | L152: 7232.37 | M152: =L152/K152 -> 0.019881957 | N152: =M152 -> 0.019881957 | P152: 1989 | Q152: =ISNUMBER(M152)*ISNUMBER(E152) -> 1
A153: 1990 | D153: =INDEX('OECD tau'!$AT$10:$BM$69,MATCH($A153,'OECD tau'!$AS$10:$AS$69,0),MATCH($A$1,'OECD tau'!$AT$8:$BM$8,0)) -> 1.0348914 | E153: =D153 -> 1.0348914 | G153: 1990 | H153: 0.0227714 | K153: 392975.79 | L153: 7987.31 | M153: =L153/K153 -> 0.020325196 | N153: =M153 -> 0.020325196 | P153: 1990 | Q153: =ISNUMBER(M153)*ISNUMBER(E153) -> 1
A154: 1991 | D154: =INDEX('OECD tau'!$AT$10:$BM$69,MATCH($A154,'OECD tau'!$AS$10:$AS$69,0),MATCH($A$1,'OECD tau'!$AT$8:$BM$8,0)) -> 1.1114256 | E154: =D154 -> 1.1114256 | G154: 1991 | H154: 0.0227379 | K154: 421853.58 | L154: 8578.6 | M154: =L154/K154 -> 0.020335492 | N154: =M154 -> 0.020335492 | P154: 1991 | Q154: =ISNUMBER(M154)*ISNUMBER(E154) -> 1
A155: 1992 | D155: =INDEX('OECD tau'!$AT$10:$BM$69,MATCH($A155,'OECD tau'!$AS$10:$AS$69,0),MATCH($A$1,'OECD tau'!$AT$8:$BM$8,0)) -> 0.97884218 | E155: =D155 -> 0.97884218 | G155: 1992 | H155: 0.0207577 | K155: 447471.02 | L155: 8697.96 | M155: =L155/K155 -> 0.019438041 | N155: =M155 -> 0.019438041 | P155: 1992 | Q155: =ISNUMBER(M155)*ISNUMBER(E155) -> 1
A156: 1993 | D156: =INDEX('OECD tau'!$AT$10:$BM$69,MATCH($A156,'OECD tau'!$AS$10:$AS$69,0),MATCH($A$1,'OECD tau'!$AT$8:$BM$8,0)) -> 0.93308308 | E156: =D156 -> 0.93308308 | G156: 1993 | H156: 0.015933 | K156: 464858.41 | L156: 6458.36 | M156: =L156/K156 -> 0.013893177 | N156: =M156 -> 0.013893177 | P156: 1993 | Q156: =ISNUMBER(M156)*ISNUMBER(E156) -> 1
A157: 1994 | D157: =INDEX('OECD tau'!$AT$10:$BM$69,MATCH($A157,'OECD tau'!$AS$10:$AS$69,0),MATCH($A$1,'OECD tau'!$AT$8:$BM$8,0)) -> 0.82916751 | E157: =D157 -> 0.82916751 | G157: 1994 | H157: 0.0139856 | K157: 512415.61 | L157: 7192.61 | M157: =L157/K157 -> 0.014036672 | N157: =M157 -> 0.014036672 | P157: 1994 | Q157: =ISNUMBER(M157)*ISNUMBER(E157) -> 1
A158: 1995 | D158: =INDEX('OECD tau'!$AT$10:$BM$69,MATCH($A158,'OECD tau'!$AS$10:$AS$69,0),MATCH($A$1,'OECD tau'!$AT$8:$BM$8,0)) -> 0.84576499 | E158: =D158 -> 0.84576499 | G158: 1995 | H158: 0.0154026 | K158: 582119.67 | L158: 8862.27 | M158: =L158/K158 -> 0.015224138 | N158: =M158 -> 0.015224138 | P158: 1995 | Q158: =ISNUMBER(M158)*ISNUMBER(E158) -> 1
A159: 1996 | D159: =INDEX('OECD tau'!$AT$10:$BM$69,MATCH($A159,'OECD tau'!$AS$10:$AS$69,0),MATCH($A$1,'OECD tau'!$AT$8:$BM$8,0)) -> 0.6722593 | E159: =D159 -> 0.6722593 | G159: 1996 | H159: 0.0146545 | K159: 622827.06 | L159: 8784.87 | M159: =L159/K159 -> 0.01410483 | N159: =M159 -> 0.01410483 | P159: 1996 | Q159: =ISNUMBER(M159)*ISNUMBER(E159) -> 1
A160: 1997 | D160: =INDEX('OECD tau'!$AT$10:$BM$69,MATCH($A160,'OECD tau'!$AS$10:$AS$69,0),MATCH($A$1,'OECD tau'!$AT$8:$BM$8,0)) -> 0.62544908 | E160: =D160 -> 0.62544908 | G160: 1997 | H160: 0.0141514 | K160: 687598 | L160: 8973.16 | M160: =L160/K160 -> 0.013050009 | N160: =M160 -> 0.013050009 | P160: 1997 | Q160: =ISNUMBER(M160)*ISNUMBER(E160) -> 1
A161: 1998 | D161: =INDEX('OECD tau'!$AT$10:$BM$69,MATCH($A161,'OECD tau'!$AS$10:$AS$69,0),MATCH($A$1,'OECD tau'!$AT$8:$BM$8,0)) -> 0.63050294 | E161: =D161 -> 0.63050294 | G161: 1998 | H161: 0.0148289 | K161: 680474.25 | L161: 9026.99 | M161: =L161/K161 -> 0.013265733 | N161: =M161 -> 0.013265733 | P161: 1998 | Q161: =ISNUMBER(M161)*ISNUMBER(E161) -> 1
A162: 1999 | D162: =INDEX('OECD tau'!$AT$10:$BM$69,MATCH($A162,'OECD tau'!$AS$10:$AS$69,0),MATCH($A$1,'OECD tau'!$AT$8:$BM$8,0)) -> 0.5984974 | E162: =D162 -> 0.5984974 | G162: 1999 | H162: 0.0142535 | K162: 692820.62 | L162: 10094 | M162: =L162/K162 -> 0.014569428 | N162: =M162 -> 0.014569428 | P162: 1999 | Q162: =ISNUMBER(M162)*ISNUMBER(E162) -> 1
A163: 2000 | D163: =INDEX('OECD tau'!$AT$10:$BM$69,MATCH($A163,'OECD tau'!$AS$10:$AS$69,0),MATCH($A$1,'OECD tau'!$AT$8:$BM$8,0)) -> 0.59418189 | E163: =D163 -> 0.59418189 | G163: 2000 | H163: 0.0151409 | K163: 780418.63 | L163: 10999.8 | M163: =L163/K163 -> 0.014094743 | N163: =M163 -> 0.014094743 | P163: 2000 | Q163: =ISNUMBER(M163)*ISNUMBER(E163) -> 1
... A177: 2014 | D177: =INDEX('OECD tau'!$AT$10:$BM$69,MATCH($A177,'OECD tau'!$AS$10:$AS$69,0),MATCH($A$1,'OECD tau'!$AT$8:$BM$8,0)) -> 0.56648367 | E177: =D177 -> 0.56648367 | G177: 2014 | H177: 0.008885 | K177: 1621873.8 | L177: 16968.95 | M177: =L177/K177 -> 0.010462559 | N177: =M177 -> 0.010462559 | P177: 2014 | Q177: =ISNUMBER(M177)*ISNUMBER(E177) -> 1
A178: 2015 | D178: =INDEX('OECD tau'!$AT$10:$BM$69,MATCH($A178,'OECD tau'!$AS$10:$AS$69,0),MATCH($A$1,'OECD tau'!$AT$8:$BM$8,0)) -> 0.60623352 | E178: =D178 -> 0.60623352 | G178: 2015 | K178: 1503328.4 | L178: 16212.49 | M178: =L178/K178 -> 0.010784397 | N178: =M178 -> 0.010784397 | P178: 2015 | Q178: =ISNUMBER(M178)*ISNUMBER(E178) -> 1
A179: 2016 | D179: =INDEX('OECD tau'!$AT$10:$BM$69,MATCH($A179,'OECD tau'!$AS$10:$AS$69,0),MATCH($A$1,'OECD tau'!$AT$8:$BM$8,0)) -> 0.60741129 | E179: =D179 -> 0.60741129 | G179: 2016 | K179: 1451459.7 | L179: 16723.46 | M179: =L179/K179 -> 0.011521822 | N179: =M179 -> 0.011521822 | P179: 2016 | Q179: =ISNUMBER(M179)*ISNUMBER(E179) -> 1
A180: 2017 | D180: =INDEX('OECD tau'!$AT$10:$BM$69,MATCH($A180,'OECD tau'!$AS$10:$AS$69,0),MATCH($A$1,'OECD tau'!$AT$8:$BM$8,0)) -> 0.57162484 | E180: =D180 -> 0.57162484 | G180: 2017 | K180: 1547195.4 | L180: 18392.18 | M180: =L180/K180 -> 0.011887432 | N180: =M180 -> 0.011887432 | P180: 2017 | Q180: =ISNUMBER(M180)*ISNUMBER(E180) -> 1
A181: 2018 | D181: =INDEX('OECD tau'!$AT$10:$BM$69,MATCH($A181,'OECD tau'!$AS$10:$AS$69,0),MATCH($A$1,'OECD tau'!$AT$8:$BM$8,0)) -> 0.53867461 | E181: =D181 -> 0.53867461 | G181: 2018 | K181: 1665786.9 | L181: 22853.08 | M181: =L181/K181 -> 0.01371909 | N181: =M181 -> 0.01371909 | P181: 2018 | Q181: =ISNUMBER(M181)*ISNUMBER(E181) -> 1
A182: 2019 | D182: =INDEX('OECD tau'!$AT$10:$BM$69,MATCH($A182,'OECD tau'!$AS$10:$AS$69,0),MATCH($A$1,'OECD tau'!$AT$8:$BM$8,0)) -> 0.54545073 | E182: =D182 -> 0.54545073 | G182: 2019 | K182: 1645940.3 | L182: 23677.77 | M182: =L182/K182 -> 0.014385558 | N182: =M182 -> 0.014385558 | P182: 2019 | Q182: =ISNUMBER(M182)*ISNUMBER(E182) -> 1
A183: 2020 | D183: =INDEX('OECD tau'!$AT$10:$BM$69,MATCH($A183,'OECD tau'!$AS$10:$AS$69,0),MATCH($A$1,'OECD tau'!$AT$8:$BM$8,0)) -> 0.52781203 | E183: =D183 -> 0.52781203 | G183: 2020 | K183: 1429995.4 | L183: 19949.48 | M183: =L183/K183 -> 0.01395073 | N183: =M183 -> 0.01395073 | P183: 2020 | Q183: =ISNUMBER(M183)*ISNUMBER(E183) -> 1
A184: 2021 | D184: =INDEX('OECD tau'!$AT$10:$BM$69,MATCH($A184,'OECD tau'!$AS$10:$AS$69,0),MATCH($A$1,'OECD tau'!$AT$8:$BM$8,0)) -> 0.50599735 | E184: =D184 -> 0.50599735 | G184: 2021 | K184: 1757743.7 | L184: 21682.15 | M184: =L184/K184 -> 0.012335217 | N184: =M184 -> 0.012335217 | P184: 2021 | Q184: =ISNUMBER(M184)*ISNUMBER(E184) -> 1
A185: 2022 | D185: =INDEX('OECD tau'!$AT$10:$BM$69,MATCH($A185,'OECD tau'!$AS$10:$AS$69,0),MATCH($A$1,'OECD tau'!$AT$8:$BM$8,0)) -> 0.5655777 | E185: =D185 -> 0.5655777 | G185: 2022 | K185: 2072648.1 | L185: 27606.24 | M185: =L185/K185 -> 0.013319309 | N185: =M185 -> 0.013319309 | P185: 2022 | Q185: =ISNUMBER(M185)*ISNUMBER(E185) -> 1
A186: 2023 | D186: =INDEX('OECD tau'!$AT$10:$BM$69,MATCH($A186,'OECD tau'!$AS$10:$AS$69,0),MATCH($A$1,'OECD tau'!$AT$8:$BM$8,0)) -> 0.51339758 | E186: =D186 -> 0.51339758 | G186: 2023 | K186: 2020479.2 | L186: 28963.29 | M186: =L186/K186 -> 0.014334862 | N186: =M186 -> 0.014334862 | P186: 2023 | Q186: =ISNUMBER(M186)*ISNUMBER(E186) -> 1
A187: 2024 | D187: =INDEX('OECD tau'!$AT$10:$BM$69,MATCH($A187,'OECD tau'!$AS$10:$AS$69,0),MATCH($A$1,'OECD tau'!$AT$8:$BM$8,0)) -> 0.52061587 | E187: =D187 -> 0.52061587 | G187: 2024 | K187: 2061690.8 | L187: 32357.25 | M187: =L187/K187 -> 0.015694522 | N187: =M187 -> 0.015694522 | P187: 2024 | Q187: =ISNUMBER(M187)*ISNUMBER(E187) -> 1

Sheet CAN
A1: CAN | B1: Avg tariff rate | G1: Export shares
A2: year | B2: tau_can_mitchell | C2: tau_can_tradhist | D2: tau_can_oecd | E2: tau_can_own | G2: year | H2: xpshr_can_tradhist | I2: total_exports_hsus | J2: exports_hsus | K2: xpshr_can_hsus | L2: total_exports_usitc | M2: exports_usitc | N2: xpshr_can_usitc | O2: xpshr_can_own | Q2: year | R2: Identifier
A3: 1840 | G3: 1840 | H3: 0.0525823 | I3: 124 | J3: 6 | K3: =J3/I3 -> 0.048387097 | O3: =K3/K4*O4 -> 0.048059947 | Q3: 1840 | R3: =ISNUMBER(O3)*ISNUMBER(E3) -> 0
A4: 1841 | G4: 1841 | H4: 0.0576923 | I4: 112 | J4: 6 | K4: =J4/I4 -> 0.053571429 | O4: =K4/K5*O5 -> 0.053209227 | Q4: 1841 | R4: =ISNUMBER(O4)*ISNUMBER(E4) -> 0
A5: 1842 | G5: 1842 | H5: 0.0652174 | I5: 100 | J5: 6 | K5: =J5/I5 -> 0.06 | O5: =K5/K6*O6 -> 0.059594334 | Q5: 1842 | R5: =ISNUMBER(O5)*ISNUMBER(E5) -> 0
A6: 1843 | G6: 1843 | H6: 0.0384615 | I6: 83 | J6: 3 | K6: =J6/I6 -> 0.036144578 | O6: =K6/K7*O7 -> 0.035900201 | Q6: 1843 | R6: =ISNUMBER(O6)*ISNUMBER(E6) -> 0
A7: 1844 | G7: 1844 | H7: 0.06 | I7: 106 | J7: 6 | K7: =J7/I7 -> 0.056603774 | O7: =K7/K8*O8 -> 0.05622107 | Q7: 1844 | R7: =ISNUMBER(O7)*ISNUMBER(E7) -> 0
A8: 1845 | G8: 1845 | H8: 0.0612245 | I8: 106 | J8: 6 | K8: =J8/I8 -> 0.056603774 | O8: =K8/K9*O9 -> 0.05622107 | Q8: 1845 | R8: =ISNUMBER(O8)*ISNUMBER(E8) -> 0
A9: 1846 | G9: 1846 | H9: 0.0686274 | I9: 110 | J9: 7 | K9: =J9/I9 -> 0.063636364 | O9: =K9/K10*O10 -> 0.063206112 | Q9: 1846 | R9: =ISNUMBER(O9)*ISNUMBER(E9) -> 0
A10: 1847 | G10: 1847 | H10: 0.0463576 | I10: 157 | J10: 7 | K10: =J10/I10 -> 0.044585987 | O10: =K10/K11*O11 -> 0.044284537 | Q10: 1847 | R10: =ISNUMBER(O10)*ISNUMBER(E10) -> 0
A11: 1848 | G11: 1848 | H11: 0.0615385 | I11: 138 | J11: 8 | K11: =J11/I11 -> 0.057971014 | O11: =K11/K12*O12 -> 0.057579067 | Q11: 1848 | R11: =ISNUMBER(O11)*ISNUMBER(E11) -> 0
A12: 1849 | G12: 1849 | H12: 0.0606061 | I12: 140 | J12: 8 | K12: =J12/I12 -> 0.057142857 | O12: =K12/K13*O13 -> 0.056756509 | Q12: 1849 | R12: =ISNUMBER(O12)*ISNUMBER(E12) -> 0
A13: 1850 | G13: 1850 | H13: 0.0740741 | I13: 144 | J13: 10 | K13: =J13/I13 -> 0.069444444 | O13: =K13/K14*O14 -> 0.068974924 | Q13: 1850 | R13: =ISNUMBER(O13)*ISNUMBER(E13) -> 0
A14: 1851 | G14: 1851 | H14: 0.0670391 | I14: 189 | J14: 12 | K14: =J14/I14 -> 0.063492063 | O14: =K14/K15*O15 -> 0.063062788 | Q14: 1851 | R14: =ISNUMBER(O14)*ISNUMBER(E14) -> 0
... A29: 1866 | G29: 1866 | H29: 0.0710059 | I29: 479 | J29: 24 | K29: =J29/I29 -> 0.050104384 | O29: =K29/K30*O30 -> 0.049765624 | Q29: 1866 | R29: =ISNUMBER(O29)*ISNUMBER(E29) -> 0
A30: 1867 | B30: 12.835821 | E30: =B30 -> 12.835821 | G30: 1867 | H30: 0.075 | I30: 398 | J30: 21 | K30: =J30/I30 -> 0.052763819 | O30: =K30/K31*O31 -> 0.052407078 | Q30: 1867 | R30: =ISNUMBER(O30)*ISNUMBER(E30) -> 1
A31: 1868 | B31: 13.333333 | E31: =B31 -> 13.333333 | G31: 1868 | H31: 0.0892193 | I31: 383 | J31: 24 | K31: =J31/I31 -> 0.062663185 | O31: =K31/K32*O32 -> 0.062239514 | Q31: 1868 | R31: =ISNUMBER(O31)*ISNUMBER(E31) -> 1
A32: 1869 | B32: 13.880597 | E32: =B32 -> 13.880597 | G32: 1869 | H32: 0.0836364 | I32: 382 | J32: 23 | K32: =J32/I32 -> 0.060209424 | O32: =K32/K33*O33 -> 0.059802342 | Q32: 1869 | R32: =ISNUMBER(O32)*ISNUMBER(E32) -> 1
A33: 1870 | B33: 14.285714 | E33: =B33 -> 14.285714 | G33: 1870 | H33: 0.066313 | I33: 471 | J33: 25 | K33: =J33/I33 -> 0.053078556 | O33: =K33/K34*O34 -> 0.052719687 | Q33: 1870 | R33: =ISNUMBER(O33)*ISNUMBER(E33) -> 1
A34: 1871 | B34: 12.380952 | E34: =B34 -> 12.380952 | G34: 1871 | H34: 0.0747664 | I34: 493 | J34: 32 | K34: =J34/I34 -> 0.064908722 | O34: =K34/K35*O35 -> 0.064469868 | Q34: 1871 | R34: =ISNUMBER(O34)*ISNUMBER(E34) -> 1
A35: 1872 | B35: 10.4 | E35: =B35 -> 10.4 | G35: 1872 | H35: 0.067757 | I35: 492 | J35: 29 | K35: =J35/I35 -> 0.058943089 | O35: =K35/K36*O36 -> 0.05854457 | Q35: 1872 | R35: =ISNUMBER(O35)*ISNUMBER(E35) -> 1
A36: 1873 | B36: 11.382114 | E36: =B36 -> 11.382114 | G36: 1873 | H36: 0.1092232 | I36: 594 | J36: 33 | K36: =J36/I36 -> 0.055555556 | O36: =K36/K37*O37 -> 0.055179939 | Q36: 1873 | R36: =ISNUMBER(O36)*ISNUMBER(E36) -> 1
A37: 1874 | B37: 12.820513 | E37: =B37 -> 12.820513 | G37: 1874 | H37: 0.1077245 | I37: 651 | J37: 42 | K37: =J37/I37 -> 0.064516129 | O37: =K37/K38*O38 -> 0.064079929 | Q37: 1874 | R37: =ISNUMBER(O37)*ISNUMBER(E37) -> 1
A38: 1875 | B38: 13.978495 | E38: =B38 -> 13.978495 | G38: 1875 | H38: 0.1185663 | I38: 574 | J38: 35 | K38: =J38/I38 -> 0.06097561 | O38: =K38/K39*O39 -> 0.060563348 | Q38: 1875 | R38: =ISNUMBER(O38)*ISNUMBER(E38) -> 1
A39: 1876 | B39: 13.829787 | E39: =B39 -> 13.829787 | G39: 1876 | H39: 0.0989534 | I39: 610 | J39: 33 | K39: =J39/I39 -> 0.054098361 | O39: =K39/K40*O40 -> 0.053732596 | Q39: 1876 | R39: =ISNUMBER(O39)*ISNUMBER(E39) -> 1
A40: 1877 | B40: 14.444444 | E40: =B40 -> 14.444444 | G40: 1877 | H40: 0.091974 | I40: 645 | J40: 37 | K40: =J40/I40 -> 0.057364341 | O40: =K40/K41*O41 -> 0.056976495 | Q40: 1877 | R40: =ISNUMBER(O40)*ISNUMBER(E40) -> 1
A41: 1878 | B41: 16.455696 | E41: =B41 -> 16.455696 | G41: 1878 | H41: 0.0543319 | I41: 710 | J41: 37 | K41: =J41/I41 -> 0.052112676 | O41: =K41/K42*O42 -> 0.051760337 | Q41: 1878 | R41: =ISNUMBER(O41)*ISNUMBER(E41) -> 1
... A127: 1964 | B127: 8.3066239 | E127: =B127 -> 8.3066239 | G127: 1964 | H127: 0.1856328 | I127: 26508 | J127: 4915 | K127: =J127/I127 -> 0.18541572 | O127: =K127/K128*O128 -> 0.18416211 | Q127: 1964 | R127: =ISNUMBER(O127)*ISNUMBER(E127) -> 1
A128: 1965 | B128: 7.9462528 | D128: =INDEX('OECD tau'!$AT$10:$BM$69,MATCH($A128,'OECD tau'!$AS$10:$AS$69,0),MATCH($A$1,'OECD tau'!$AT$8:$BM$8,0)) -> 7.9460687 | E128: =B128 -> 7.9462528 | G128: 1965 | H128: 0.2048536 | I128: 27470 | J128: 5642 | K128: =J128/I128 -> 0.2053877 | O128: =K128/K129*O129 -> 0.20399905 | Q128: 1965 | R128: =ISNUMBER(O128)*ISNUMBER(E128) -> 1
A129: 1966 | B129: 7.7243844 | D129: =INDEX('OECD tau'!$AT$10:$BM$69,MATCH($A129,'OECD tau'!$AS$10:$AS$69,0),MATCH($A$1,'OECD tau'!$AT$8:$BM$8,0)) -> 7.7145325 | E129: =B129 -> 7.7243844 | G129: 1966 | H129: 0.215334 | I129: 30320 | J129: 6661 | K129: =J129/I129 -> 0.21968997 | O129: =K129/K130*O130 -> 0.21820463 | Q129: 1966 | R129: =ISNUMBER(O129)*ISNUMBER(E129) -> 1
A130: 1967 | B130: 6.8708609 | D130: =INDEX('OECD tau'!$AT$10:$BM$69,MATCH($A130,'OECD tau'!$AS$10:$AS$69,0),MATCH($A$1,'OECD tau'!$AT$8:$BM$8,0)) -> 6.8611581 | E130: =B130 -> 6.8708609 | G130: 1967 | H130: 0.2196677 | I130: 31526 | J130: 7165 | K130: =J130/I130 -> 0.22727273 | O130: =K130/K131*O131 -> 0.22573611 | Q130: 1967 | R130: =ISNUMBER(O130)*ISNUMBER(E130) -> 1
A131: 1968 | B131: 6.1660463 | D131: =INDEX('OECD tau'!$AT$10:$BM$69,MATCH($A131,'OECD tau'!$AS$10:$AS$69,0),MATCH($A$1,'OECD tau'!$AT$8:$BM$8,0)) -> 6.1649538 | E131: =B131 -> 6.1660463 | G131: 1968 | H131: 0.2245242 | I131: 34636 | J131: 8072 | K131: =J131/I131 -> 0.23305232 | O131: =K131/K132*O132 -> 0.23147663 | Q131: 1968 | R131: =ISNUMBER(O131)*ISNUMBER(E131) -> 1
A132: 1969 | B132: 5.7891012 | D132: =INDEX('OECD tau'!$AT$10:$BM$69,MATCH($A132,'OECD tau'!$AS$10:$AS$69,0),MATCH($A$1,'OECD tau'!$AT$8:$BM$8,0)) -> 5.7889496 | E132: =B132 -> 5.7891012 | G132: 1969 | H132: 0.2325458 | I132: 38006 | J132: 9137 | K132: =J132/I132 -> 0.24040941 | O132: =K132/K133*O133 -> 0.23878398 | Q132: 1969 | R132: =ISNUMBER(O132)*ISNUMBER(E132) -> 1
A133: 1970 | B133: 5.8414564 | D133: =INDEX('OECD tau'!$AT$10:$BM$69,MATCH($A133,'OECD tau'!$AS$10:$AS$69,0),MATCH($A$1,'OECD tau'!$AT$8:$BM$8,0)) -> 5.8343308 | E133: =B133 -> 5.8414564 | G133: 1970 | H133: 0.2041583 | I133: 43224 | J133: 9079 | K133: =J133/I133 -> 0.21004535 | O133: =K133/K134*O134 -> 0.20862521 | Q133: 1970 | R133: =ISNUMBER(O133)*ISNUMBER(E133) -> 1
A134: 1971 | B134: 6.3328424 | D134: =INDEX('OECD tau'!$AT$10:$BM$69,MATCH($A134,'OECD tau'!$AS$10:$AS$69,0),MATCH($A$1,'OECD tau'!$AT$8:$BM$8,0)) -> 6.3259936 | E134: =B134 -> 6.3328424 | G134: 1971 | H134: 0.2604014 | I134: 44130 | J134: 10365 | K134: =J134/I134 -> 0.23487424 | O134: =K134/K135*O135 -> 0.23328623 | Q134: 1971 | R134: =ISNUMBER(O134)*ISNUMBER(E134) -> 1
A135: 1972 | B135: 6.3313514 | D135: =INDEX('OECD tau'!$AT$10:$BM$69,MATCH($A135,'OECD tau'!$AS$10:$AS$69,0),MATCH($A$1,'OECD tau'!$AT$8:$BM$8,0)) -> 6.3312056 | E135: =B135 -> 6.3313514 | G135: 1972 | H135: 0.2806601 | I135: 49779 | J135: 12415 | K135: =J135/I135 -> 0.24940236 | O135: =K135/K136*O136 -> 0.24771612 | Q135: 1972 | R135: =ISNUMBER(O135)*ISNUMBER(E135) -> 1
A136: 1973 | B136: 5.9380895 | D136: =INDEX('OECD tau'!$AT$10:$BM$69,MATCH($A136,'OECD tau'!$AS$10:$AS$69,0),MATCH($A$1,'OECD tau'!$AT$8:$BM$8,0)) -> 5.9591894 | E136: =B136 -> 5.9380895 | G136: 1973 | H136: 0.2521628 | I136: 71339 | J136: 15104 | K136: =J136/I136 -> 0.2117215 | O136: =K136/K137*O137 -> 0.21029003 | Q136: 1973 | R136: =ISNUMBER(O136)*ISNUMBER(E136) -> 1
A137: 1974 | B137: 5.7080651 | D137: =INDEX('OECD tau'!$AT$10:$BM$69,MATCH($A137,'OECD tau'!$AS$10:$AS$69,0),MATCH($A$1,'OECD tau'!$AT$8:$BM$8,0)) -> 5.7184054 | E137: =B137 -> 5.7080651 | G137: 1974 | H137: 0.2361686 | I137: 98507 | J137: 19936 | K137: =J137/I137 -> 0.20238156 | O137: =K137/K138*O138 -> 0.20101324 | Q137: 1974 | R137: =ISNUMBER(O137)*ISNUMBER(E137) -> 1
A138: 1975 | B138: 5.4394512 | D138: =INDEX('OECD tau'!$AT$10:$BM$69,MATCH($A138,'OECD tau'!$AS$10:$AS$69,0),MATCH($A$1,'OECD tau'!$AT$8:$BM$8,0)) -> 5.4528627 | E138: =B138 -> 5.4394512 | G138: 1975 | H138: 0.2354045 | I138: 107592 | J138: 21744 | K138: =J138/I138 -> 0.20209681 | O138: =K138/K139*O139 -> 0.20073041 | Q138: 1975 | R138: =ISNUMBER(O138)*ISNUMBER(E138) -> 1
A139: 1976 | B139: 5.6003632 | D139: =INDEX('OECD tau'!$AT$10:$BM$69,MATCH($A139,'OECD tau'!$AS$10:$AS$69,0),MATCH($A$1,'OECD tau'!$AT$8:$BM$8,0)) -> 5.6168972 | E139: =B139 -> 5.6003632 | G139: 1976 | H139: 0.2482982 | I139: 114992 | J139: 24106 | K139: =J139/I139 -> 0.20963197 | O139: =K139/K140*O140 -> 0.20821463 | Q139: 1976 | R139: =ISNUMBER(O139)*ISNUMBER(E139) -> 1
... A151: 1988 | B151: 3.4411724 | D151: =INDEX('OECD tau'!$AT$10:$BM$69,MATCH($A151,'OECD tau'!$AS$10:$AS$69,0),MATCH($A$1,'OECD tau'!$AT$8:$BM$8,0)) -> 3.4583808 | E151: =B151 -> 3.4411724 | G151: 1988 | H151: 0.2331688 | I151: 322426 | J151: 71622 | K151: =J151/I151 -> 0.22213469 | O151: =K151/K152*O152 -> 0.22063282 | Q151: 1988 | R151: =ISNUMBER(O151)*ISNUMBER(E151) -> 1
A152: 1989 | D152: =INDEX('OECD tau'!$AT$10:$BM$69,MATCH($A152,'OECD tau'!$AS$10:$AS$69,0),MATCH($A$1,'OECD tau'!$AT$8:$BM$8,0)) -> 3.4416769 | E152: =D152 -> 3.4416769 | G152: 1989 | H152: 0.2195148 | I152: 363812 | J152: 78809 | K152: =J152/I152 -> 0.21662012 | L152: 363765.5 | M152: 78266.16 | N152: =M152/L152 -> 0.21515553 | O152: =N152 -> 0.21515553 | Q152: 1989 | R152: =ISNUMBER(O152)*ISNUMBER(E152) -> 1
A153: 1990 | D153: =INDEX('OECD tau'!$AT$10:$BM$69,MATCH($A153,'OECD tau'!$AS$10:$AS$69,0),MATCH($A$1,'OECD tau'!$AT$8:$BM$8,0)) -> 2.9516613 | E153: =D153 -> 2.9516613 | G153: 1990 | H153: 0.2036852 | I153: 393592 | J153: 83674 | K153: =J153/I153 -> 0.2125907 | L153: 392975.79 | M153: 82966.54 | N153: =M153/L153 -> 0.21112379 | O153: =N153 -> 0.21112379 | Q153: 1990 | R153: =ISNUMBER(O153)*ISNUMBER(E153) -> 1
A154: 1991 | D154: =INDEX('OECD tau'!$AT$10:$BM$69,MATCH($A154,'OECD tau'!$AS$10:$AS$69,0),MATCH($A$1,'OECD tau'!$AT$8:$BM$8,0)) -> 2.9620215 | E154: =D154 -> 2.9620215 | G154: 1991 | H154: 0.1840525 | I154: 421730 | J154: 85150 | K154: =J154/I154 -> 0.20190643 | L154: 421853.58 | M154: 85146.3 | N154: =M154/L154 -> 0.20183851 | O154: =N154 -> 0.20183851 | Q154: 1991 | R154: =ISNUMBER(O154)*ISNUMBER(E154) -> 1
A155: 1992 | D155: =INDEX('OECD tau'!$AT$10:$BM$69,MATCH($A155,'OECD tau'!$AS$10:$AS$69,0),MATCH($A$1,'OECD tau'!$AT$8:$BM$8,0)) -> 2.5837513 | E155: =D155 -> 2.5837513 | G155: 1992 | H155: 0.1830341 | I155: 448164 | J155: 90594 | K155: =J155/I155 -> 0.20214475 | L155: 447471.02 | M155: 90156.04 | N155: =M155/L155 -> 0.20147906 | O155: =N155 -> 0.20147906 | Q155: 1992 | R155: =ISNUMBER(O155)*ISNUMBER(E155) -> 1
A156: 1993 | D156: =INDEX('OECD tau'!$AT$10:$BM$69,MATCH($A156,'OECD tau'!$AS$10:$AS$69,0),MATCH($A$1,'OECD tau'!$AT$8:$BM$8,0)) -> 2.1561512 | E156: =D156 -> 2.1561512 | G156: 1993 | H156: 0.1953457 | I156: 465091 | J156: 100444 | K156: =J156/I156 -> 0.21596634 | L156: 464858.41 | M156: 100190.44 | N156: =M156/L156 -> 0.21552894 | O156: =N156 -> 0.21552894 | Q156: 1993 | R156: =ISNUMBER(O156)*ISNUMBER(E156) -> 1
A157: 1994 | D157: =INDEX('OECD tau'!$AT$10:$BM$69,MATCH($A157,'OECD tau'!$AS$10:$AS$69,0),MATCH($A$1,'OECD tau'!$AT$8:$BM$8,0)) -> 1.7688715 | E157: =D157 -> 1.7688715 | G157: 1994 | H157: 0.1970379 | I157: 512627 | J157: 114439 | K157: =J157/I157 -> 0.22324029 | L157: 512415.61 | M157: 114254.74 | N157: =M157/L157 -> 0.22297279 | O157: =N157 -> 0.22297279 | Q157: 1994 | R157: =ISNUMBER(O157)*ISNUMBER(E157) -> 1
A158: 1995 | D158: =INDEX('OECD tau'!$AT$10:$BM$69,MATCH($A158,'OECD tau'!$AS$10:$AS$69,0),MATCH($A$1,'OECD tau'!$AT$8:$BM$8,0)) -> 1.320295 | E158: =D158 -> 1.320295 | G158: 1995 | H158: 0.1867638 | I158: 584742 | J158: 127226 | K158: =J158/I158 -> 0.2175763 | L158: 582119.67 | M158: 126024.13 | N158: =M158/L158 -> 0.21649179 | O158: =N158 -> 0.21649179 | Q158: 1995 | R158: =ISNUMBER(O158)*ISNUMBER(E158) -> 1
A159: 1996 | D159: =INDEX('OECD tau'!$AT$10:$BM$69,MATCH($A159,'OECD tau'!$AS$10:$AS$69,0),MATCH($A$1,'OECD tau'!$AT$8:$BM$8,0)) -> 1.1549386 | E159: =D159 -> 1.1549386 | G159: 1996 | H159: 0.1818534 | I159: 625075 | J159: 134210 | K159: =J159/I159 -> 0.21471023 | L159: 622827.06 | M159: 132583.9 | N159: =M159/L159 -> 0.21287434 | O159: =N159 -> 0.21287434 | Q159: 1996 | R159: =ISNUMBER(O159)*ISNUMBER(E159) -> 1
A160: 1997 | D160: =INDEX('OECD tau'!$AT$10:$BM$69,MATCH($A160,'OECD tau'!$AS$10:$AS$69,0),MATCH($A$1,'OECD tau'!$AT$8:$BM$8,0)) -> 1.0203197 | E160: =D160 -> 1.0203197 | G160: 1997 | H160: 0.1978424 | I160: 689182 | J160: 151767 | K160: =J160/I160 -> 0.22021324 | L160: 687598 | M160: 150124.38 | N160: =M160/L160 -> 0.21833161 | O160: =N160 -> 0.21833161 | Q160: 1997 | R160: =ISNUMBER(O160)*ISNUMBER(E160) -> 1
A161: 1998 | D161: =INDEX('OECD tau'!$AT$10:$BM$69,MATCH($A161,'OECD tau'!$AS$10:$AS$69,0),MATCH($A$1,'OECD tau'!$AT$8:$BM$8,0)) -> 0.79641599 | E161: =D161 -> 0.79641599 | G161: 1998 | H161: 0.2032181 | I161: 682138 | J161: 156603 | K161: =J161/I161 -> 0.22957671 | L161: 680474.25 | M161: 154152.16 | N161: =M161/L161 -> 0.22653636 | O161: =N161 -> 0.22653636 | Q161: 1998 | R161: =ISNUMBER(O161)*ISNUMBER(E161) -> 1
A162: 1999 | D162: =INDEX('OECD tau'!$AT$10:$BM$69,MATCH($A162,'OECD tau'!$AS$10:$AS$69,0),MATCH($A$1,'OECD tau'!$AT$8:$BM$8,0)) -> 0.66165494 | E162: =D162 -> 0.66165494 | G162: 1999 | H162: 0.2103209 | I162: 695797 | J162: 166600 | K162: =J162/I162 -> 0.23943765 | L162: 692820.62 | M162: 163912.76 | N162: =M162/L162 -> 0.23658759 | O162: =N162 -> 0.23658759 | Q162: 1999 | R162: =ISNUMBER(O162)*ISNUMBER(E162) -> 1
A163: 2000 | D163: =INDEX('OECD tau'!$AT$10:$BM$69,MATCH($A163,'OECD tau'!$AS$10:$AS$69,0),MATCH($A$1,'OECD tau'!$AT$8:$BM$8,0)) -> 0.79105392 | E163: =D163 -> 0.79105392 | G163: 2000 | H163: 0.2055632 | I163: 781918 | J163: 178941 | K163: =J163/I163 -> 0.22884881 | L163: 780418.63 | M163: 176429.63 | N163: =M163/L163 -> 0.2260705 | O163: =N163 -> 0.2260705 | Q163: 2000 | R163: =ISNUMBER(O163)*ISNUMBER(E163) -> 1
A164: 2001 | D164: =INDEX('OECD tau'!$AT$10:$BM$69,MATCH($A164,'OECD tau'!$AS$10:$AS$69,0),MATCH($A$1,'OECD tau'!$AT$8:$BM$8,0)) -> 0.86969067 | E164: =D164 -> 0.86969067 | G164: 2001 | H164: 0.2033733 | I164: 729100 | J164: 163424 | K164: =J164/I164 -> 0.22414484 | L164: 731025.91 | M164: 163724.46 | N164: =M164/L164 -> 0.22396533 | O164: =N164 -> 0.22396533 | Q164: 2001 | R164: =ISNUMBER(O164)*ISNUMBER(E164) -> 1
A165: 2002 | D165: =INDEX('OECD tau'!$AT$10:$BM$69,MATCH($A165,'OECD tau'!$AS$10:$AS$69,0),MATCH($A$1,'OECD tau'!$AT$8:$BM$8,0)) -> 0.91558638 | E165: =D165 -> 0.91558638 | G165: 2002 | H165: 0.209306 | L165: 693257.3 | M165: 160799.21 | N165: =M165/L165 -> 0.23194737 | O165: =N165 -> 0.23194737 | Q165: 2002 | R165: =ISNUMBER(O165)*ISNUMBER(E165) -> 1
A166: 2003 | D166: =INDEX('OECD tau'!$AT$10:$BM$69,MATCH($A166,'OECD tau'!$AS$10:$AS$69,0),MATCH($A$1,'OECD tau'!$AT$8:$BM$8,0)) -> 0.89069659 | E166: =D166 -> 0.89069659 | G166: 2003 | H166: 0.2092811 | L166: 723743.18 | M166: 169480.94 | N166: =M166/L166 -> 0.23417276 | O166: =N166 -> 0.23417276 | Q166: 2003 | R166: =ISNUMBER(O166)*ISNUMBER(E166) -> 1
A167: 2004 | D167: =INDEX('OECD tau'!$AT$10:$BM$69,MATCH($A167,'OECD tau'!$AS$10:$AS$69,0),MATCH($A$1,'OECD tau'!$AT$8:$BM$8,0)) -> 0.82329689 | E167: =D167 -> 0.82329689 | G167: 2004 | H167: 0.2051452 | L167: 816547.62 | M167: 187713.03 | N167: =M167/L167 -> 0.2298862 | O167: =N167 -> 0.2298862 | Q167: 2004 | R167: =ISNUMBER(O167)*ISNUMBER(E167) -> 1
A168: 2005 | D168: =INDEX('OECD tau'!$AT$10:$BM$69,MATCH($A168,'OECD tau'!$AS$10:$AS$69,0),MATCH($A$1,'OECD tau'!$AT$8:$BM$8,0)) -> 0.8738158 | E168: =D168 -> 0.8738158 | G168: 2005 | H168: 0.209369 | L168: 904379.82 | M168: 211420.45 | N168: =M168/L168 -> 0.23377396 | O168: =N168 -> 0.23377396 | Q168: 2005 | R168: =ISNUMBER(O168)*ISNUMBER(E168) -> 1
A169: 2006 | D169: =INDEX('OECD tau'!$AT$10:$BM$69,MATCH($A169,'OECD tau'!$AS$10:$AS$69,0),MATCH($A$1,'OECD tau'!$AT$8:$BM$8,0)) -> 0.88982604 | E169: =D169 -> 0.88982604 | G169: 2006 | H169: 0.2035708 | L169: 1037143 | M169: 230256.8 | N169: =M169/L169 -> 0.22201066 | O169: =N169 -> 0.22201066 | Q169: 2006 | R169: =ISNUMBER(O169)*ISNUMBER(E169) -> 1
A170: 2007 | D170: =INDEX('OECD tau'!$AT$10:$BM$69,MATCH($A170,'OECD tau'!$AS$10:$AS$69,0),MATCH($A$1,'OECD tau'!$AT$8:$BM$8,0)) -> 0.94009122 | E170: =D170 -> 0.94009122 | G170: 2007 | H170: 0.1947387 | L170: 1162708.3 | M170: 248437.16 | N170: =M170/L170 -> 0.2136711 | O170: =N170 -> 0.2136711 | Q170: 2007 | R170: =ISNUMBER(O170)*ISNUMBER(E170) -> 1
A171: 2008 | D171: =INDEX('OECD tau'!$AT$10:$BM$69,MATCH($A171,'OECD tau'!$AS$10:$AS$69,0),MATCH($A$1,'OECD tau'!$AT$8:$BM$8,0)) -> 0.92027862 | E171: =D171 -> 0.92027862 | G171: 2008 | H171: 0.1811265 | L171: 1300135.6 | M171: 260914.36 | N171: =M171/L171 -> 0.20068241 | O171: =N171 -> 0.20068241 | Q171: 2008 | R171: =ISNUMBER(O171)*ISNUMBER(E171) -> 1
A172: 2009 | D172: =INDEX('OECD tau'!$AT$10:$BM$69,MATCH($A172,'OECD tau'!$AS$10:$AS$69,0),MATCH($A$1,'OECD tau'!$AT$8:$BM$8,0)) -> 1.0137966 | E172: =D172 -> 1.0137966 | G172: 2009 | H172: 0.170686 | L172: 1056932 | M172: 204728.09 | N172: =M172/L172 -> 0.19370035 | O172: =N172 -> 0.19370035 | Q172: 2009 | R172: =ISNUMBER(O172)*ISNUMBER(E172) -> 1
A173: 2010 | D173: =INDEX('OECD tau'!$AT$10:$BM$69,MATCH($A173,'OECD tau'!$AS$10:$AS$69,0),MATCH($A$1,'OECD tau'!$AT$8:$BM$8,0)) -> 0.85236308 | E173: =D173 -> 0.85236308 | G173: 2010 | H173: 0.170035 | L173: 1278494.5 | M173: 249256.46 | N173: =M173/L173 -> 0.19496091 | O173: =N173 -> 0.19496091 | Q173: 2010 | R173: =ISNUMBER(O173)*ISNUMBER(E173) -> 1
A174: 2011 | D174: =INDEX('OECD tau'!$AT$10:$BM$69,MATCH($A174,'OECD tau'!$AS$10:$AS$69,0),MATCH($A$1,'OECD tau'!$AT$8:$BM$8,0)) -> 0.86216547 | E174: =D174 -> 0.86216547 | G174: 2011 | H174: 0.1660839 | L174: 1482507.8 | M174: 281291.53 | N174: =M174/L174 -> 0.18974034 | O174: =N174 -> 0.18974034 | Q174: 2011 | R174: =ISNUMBER(O174)*ISNUMBER(E174) -> 1
A175: 2012 | D175: =INDEX('OECD tau'!$AT$10:$BM$69,MATCH($A175,'OECD tau'!$AS$10:$AS$69,0),MATCH($A$1,'OECD tau'!$AT$8:$BM$8,0)) -> 0.86912918 | E175: =D175 -> 0.86912918 | G175: 2012 | H175: 0.1665724 | L175: 1545820.8 | M175: 292650.53 | N175: =M175/L175 -> 0.18931724 | O175: =N175 -> 0.18931724 | Q175: 2012 | R175: =ISNUMBER(O175)*ISNUMBER(E175) -> 1
A176: 2013 | D176: =INDEX('OECD tau'!$AT$10:$BM$69,MATCH($A176,'OECD tau'!$AS$10:$AS$69,0),MATCH($A$1,'OECD tau'!$AT$8:$BM$8,0)) -> 0.88151108 | E176: =D176 -> 0.88151108 | G176: 2013 | H176: 0.1677338 | L176: 1578516.9 | M176: 300754.87 | N176: =M176/L176 -> 0.19053003 | O176: =N176 -> 0.19053003 | Q176: 2013 | R176: =ISNUMBER(O176)*ISNUMBER(E176) -> 1
A177: 2014 | D177: =INDEX('OECD tau'!$AT$10:$BM$69,MATCH($A177,'OECD tau'!$AS$10:$AS$69,0),MATCH($A$1,'OECD tau'!$AT$8:$BM$8,0)) -> 0.88324873 | E177: =D177 -> 0.88324873 | G177: 2014 | H177: 0.1704174 | L177: 1621873.8 | M177: 312816.95 | N177: =M177/L177 -> 0.19287379 | O177: =N177 -> 0.19287379 | Q177: 2014 | R177: =ISNUMBER(O177)*ISNUMBER(E177) -> 1
A178: 2015 | D178: =INDEX('OECD tau'!$AT$10:$BM$69,MATCH($A178,'OECD tau'!$AS$10:$AS$69,0),MATCH($A$1,'OECD tau'!$AT$8:$BM$8,0)) -> 0.96633044 | E178: =D178 -> 0.96633044 | G178: 2015 | L178: 1503328.4 | M178: 280855.17 | N178: =M178/L178 -> 0.18682224 | O178: =N178 -> 0.18682224 | Q178: 2015 | R178: =ISNUMBER(O178)*ISNUMBER(E178) -> 1
A179: 2016 | D179: =INDEX('OECD tau'!$AT$10:$BM$69,MATCH($A179,'OECD tau'!$AS$10:$AS$69,0),MATCH($A$1,'OECD tau'!$AT$8:$BM$8,0)) -> 1.024095 | E179: =D179 -> 1.024095 | G179: 2016 | L179: 1451459.7 | M179: 266734.47 | N179: =M179/L179 -> 0.18376981 | O179: =N179 -> 0.18376981 | Q179: 2016 | R179: =ISNUMBER(O179)*ISNUMBER(E179) -> 1
A180: 2017 | D180: =INDEX('OECD tau'!$AT$10:$BM$69,MATCH($A180,'OECD tau'!$AS$10:$AS$69,0),MATCH($A$1,'OECD tau'!$AT$8:$BM$8,0)) -> 0.99550006 | E180: =D180 -> 0.99550006 | G180: 2017 | L180: 1547195.4 | M180: 282773.83 | N180: =M180/L180 -> 0.18276543 | O180: =N180 -> 0.18276543 | Q180: 2017 | R180: =ISNUMBER(O180)*ISNUMBER(E180) -> 1
A181: 2018 | D181: =INDEX('OECD tau'!$AT$10:$BM$69,MATCH($A181,'OECD tau'!$AS$10:$AS$69,0),MATCH($A$1,'OECD tau'!$AT$8:$BM$8,0)) -> 1.1144757 | E181: =D181 -> 1.1144757 | G181: 2018 | L181: 1665786.9 | M181: 299731.71 | N181: =M181/L181 -> 0.17993401 | O181: =N181 -> 0.17993401 | Q181: 2018 | R181: =ISNUMBER(O181)*ISNUMBER(E181) -> 1
A182: 2019 | D182: =INDEX('OECD tau'!$AT$10:$BM$69,MATCH($A182,'OECD tau'!$AS$10:$AS$69,0),MATCH($A$1,'OECD tau'!$AT$8:$BM$8,0)) -> 0.91251531 | E182: =D182 -> 0.91251531 | G182: 2019 | L182: 1645940.3 | M182: 292820.26 | N182: =M182/L182 -> 0.17790454 | O182: =N182 -> 0.17790454 | Q182: 2019 | R182: =ISNUMBER(O182)*ISNUMBER(E182) -> 1
A183: 2020 | D183: =INDEX('OECD tau'!$AT$10:$BM$69,MATCH($A183,'OECD tau'!$AS$10:$AS$69,0),MATCH($A$1,'OECD tau'!$AT$8:$BM$8,0)) -> 0.7404069 | E183: =D183 -> 0.7404069 | G183: 2020 | L183: 1429995.4 | M183: 256212.26 | N183: =M183/L183 -> 0.17916999 | O183: =N183 -> 0.17916999 | Q183: 2020 | R183: =ISNUMBER(O183)*ISNUMBER(E183) -> 1
A184: 2021 | D184: =INDEX('OECD tau'!$AT$10:$BM$69,MATCH($A184,'OECD tau'!$AS$10:$AS$69,0),MATCH($A$1,'OECD tau'!$AT$8:$BM$8,0)) -> 0.8431386 | E184: =D184 -> 0.8431386 | G184: 2021 | L184: 1757743.7 | M184: 309604 | N184: =M184/L184 -> 0.17613717 | O184: =N184 -> 0.17613717 | Q184: 2021 | R184: =ISNUMBER(O184)*ISNUMBER(E184) -> 1
A185: 2022 | D185: =INDEX('OECD tau'!$AT$10:$BM$69,MATCH($A185,'OECD tau'!$AS$10:$AS$69,0),MATCH($A$1,'OECD tau'!$AT$8:$BM$8,0)) -> 0.82332355 | E185: =D185 -> 0.82332355 | G185: 2022 | L185: 2072648.1 | M185: 359084.15 | N185: =M185/L185 -> 0.17324897 | O185: =N185 -> 0.17324897 | Q185: 2022 | R185: =ISNUMBER(O185)*ISNUMBER(E185) -> 1
A186: 2023 | D186: =INDEX('OECD tau'!$AT$10:$BM$69,MATCH($A186,'OECD tau'!$AS$10:$AS$69,0),MATCH($A$1,'OECD tau'!$AT$8:$BM$8,0)) -> 0.78230963 | E186: =D186 -> 0.78230963 | G186: 2023 | L186: 2020479.2 | M186: 354407.98 | N186: =M186/L186 -> 0.17540789 | O186: =N186 -> 0.17540789 | Q186: 2023 | R186: =ISNUMBER(O186)*ISNUMBER(E186) -> 1
A187: 2024 | D187: =INDEX('OECD tau'!$AT$10:$BM$69,MATCH($A187,'OECD tau'!$AS$10:$AS$69,0),MATCH($A$1,'OECD tau'!$AT$8:$BM$8,0)) -> 0.74065424 | E187: =D187 -> 0.74065424 | G187: 2024 | L187: 2061690.8 | M187: 349908.15 | N187: =M187/L187 -> 0.16971903 | O187: =N187 -> 0.16971903 | Q187: 2024 | R187: =ISNUMBER(O187)*ISNUMBER(E187) -> 1

Sheet CHE
A1: CHE | B1: Avg tariff rate | G1: Export shares
A2: year | B2: tau_che_mitchell | C2: tau_che_tradhist | D2: tau_che_oecd | E2: tau_che_own | G2: year | H2: xpshr_che_tradhist | I2: total_exports_hsus | J2: exports_hsus | K2: total_exports_usitc | L2: exports_usitc | M2: xpshr_che_usitc | N2: xpshr_che_own | P2: year | Q2: Identifier
A3: 1840 | G3: 1840 | P3: 1840 | Q3: =ISNUMBER(N3)*ISNUMBER(E3) -> 0
A4: 1841 | G4: 1841 | P4: 1841 | Q4: =ISNUMBER(N4)*ISNUMBER(E4) -> 0
A5: 1842 | G5: 1842 | P5: 1842 | Q5: =ISNUMBER(N5)*ISNUMBER(E5) -> 0
A6: 1843 | G6: 1843 | P6: 1843 | Q6: =ISNUMBER(N6)*ISNUMBER(E6) -> 0
A7: 1844 | G7: 1844 | P7: 1844 | Q7: =ISNUMBER(N7)*ISNUMBER(E7) -> 0
A8: 1845 | G8: 1845 | P8: 1845 | Q8: =ISNUMBER(N8)*ISNUMBER(E8) -> 0
A9: 1846 | G9: 1846 | P9: 1846 | Q9: =ISNUMBER(N9)*ISNUMBER(E9) -> 0
A10: 1847 | G10: 1847 | P10: 1847 | Q10: =ISNUMBER(N10)*ISNUMBER(E10) -> 0
A11: 1848 | G11: 1848 | P11: 1848 | Q11: =ISNUMBER(N11)*ISNUMBER(E11) -> 0
A12: 1849 | G12: 1849 | P12: 1849 | Q12: =ISNUMBER(N12)*ISNUMBER(E12) -> 0
A13: 1850 | G13: 1850 | P13: 1850 | Q13: =ISNUMBER(N13)*ISNUMBER(E13) -> 0
A14: 1851 | G14: 1851 | P14: 1851 | Q14: =ISNUMBER(N14)*ISNUMBER(E14) -> 0
... A46: 1883 | G46: 1883 | P46: 1883 | Q46: =ISNUMBER(N46)*ISNUMBER(E46) -> 0
A47: 1884 | G47: 1884 | H47: 5.54e-06 | N47: =H47/H48*N48 -> 7.5221038e-06 | P47: 1884 | Q47: =ISNUMBER(N47)*ISNUMBER(E47) -> 0
A48: 1885 | B48: 2.7777778 | E48: =B48 -> 2.7777778 | G48: 1885 | H48: 0.0047277 | N48: =H48/H49*N49 -> 0.0064191787 | P48: 1885 | Q48: =ISNUMBER(N48)*ISNUMBER(E48) -> 1
A49: 1886 | B49: 2.7534418 | E49: =B49 -> 2.7534418 | G49: 1886 | H49: 0.0061375 | N49: =H49/H50*N50 -> 0.0083333776 | P49: 1886 | Q49: =ISNUMBER(N49)*ISNUMBER(E49) -> 1
A50: 1887 | B50: 2.9868578 | E50: =B50 -> 2.9868578 | G50: 1887 | H50: 0.00799 | N50: =H50/H51*N51 -> 0.010848666 | P50: 1887 | Q50: =ISNUMBER(N50)*ISNUMBER(E50) -> 1
A51: 1888 | B51: 3.1438936 | E51: =B51 -> 3.1438936 | G51: 1888 | H51: 0.0061644 | N51: =H51/H52*N52 -> 0.0083699019 | P51: 1888 | Q51: =ISNUMBER(N51)*ISNUMBER(E51) -> 1
A52: 1889 | B52: 3.0871003 | E52: =B52 -> 3.0871003 | G52: 1889 | H52: 0.0066669 | N52: =H52/H53*N53 -> 0.0090521866 | P52: 1889 | Q52: =ISNUMBER(N52)*ISNUMBER(E52) -> 1
A53: 1890 | B53: 3.2494759 | E53: =B53 -> 3.2494759 | G53: 1890 | H53: 0.0065391 | N53: =H53/H54*N54 -> 0.0088786622 | P53: 1890 | Q53: =ISNUMBER(N53)*ISNUMBER(E53) -> 1
A54: 1891 | B54: 3.4334764 | E54: =B54 -> 3.4334764 | G54: 1891 | H54: 0.0067305 | N54: =H54/H55*N55 -> 0.0091385414 | P54: 1891 | Q54: =ISNUMBER(N54)*ISNUMBER(E54) -> 1
A55: 1892 | B55: 4.1426928 | E55: =B55 -> 4.1426928 | G55: 1892 | H55: 0.0077295 | N55: =H55/H56*N56 -> 0.010494964 | P55: 1892 | Q55: =ISNUMBER(N55)*ISNUMBER(E55) -> 1
A56: 1893 | B56: 4.589372 | E56: =B56 -> 4.589372 | G56: 1893 | H56: 0.0088476 | N56: =H56/H57*N57 -> 0.012013098 | P56: 1893 | Q56: =ISNUMBER(N56)*ISNUMBER(E56) -> 1
A57: 1894 | B57: 4.9636804 | E57: =B57 -> 4.9636804 | G57: 1894 | H57: 0.0078151 | N57: =H57/H58*N58 -> 0.01061119 | P57: 1894 | Q57: =ISNUMBER(N57)*ISNUMBER(E57) -> 1
A58: 1895 | B58: 4.6943231 | E58: =B58 -> 4.6943231 | G58: 1895 | H58: 0.0094706 | N58: =H58/H59*N59 -> 0.012858996 | P58: 1895 | Q58: =ISNUMBER(N58)*ISNUMBER(E58) -> 1
A59: 1896 | B59: 4.6277666 | E59: =B59 -> 4.6277666 | G59: 1896 | H59: 0.0115452 | N59: =H59/H60*N60 -> 0.015675847 | P59: 1896 | Q59: =ISNUMBER(N59)*ISNUMBER(E59) -> 1
... A127: 1964 | B127: 10.948387 | E127: =B127 -> 10.948387 | G127: 1964 | H127: 0.0119047 | N127: =H127/H128*N128 -> 0.016163969 | P127: 1964 | Q127: =ISNUMBER(N127)*ISNUMBER(E127) -> 1
A128: 1965 | B128: 11.320755 | D128: =INDEX('OECD tau'!$AT$10:$BM$69,MATCH($A128,'OECD tau'!$AS$10:$AS$69,0),MATCH($A$1,'OECD tau'!$AT$8:$BM$8,0)) -> 6.9312774 | E128: =B128 -> 11.320755 | G128: 1965 | H128: 0.0114554 | N128: =H128/H129*N129 -> 0.015553918 | P128: 1965 | Q128: =ISNUMBER(N128)*ISNUMBER(E128) -> 1
A129: 1966 | B129: 11.111765 | D129: =INDEX('OECD tau'!$AT$10:$BM$69,MATCH($A129,'OECD tau'!$AS$10:$AS$69,0),MATCH($A$1,'OECD tau'!$AT$8:$BM$8,0)) -> 6.4864801 | E129: =B129 -> 11.111765 | G129: 1966 | H129: 0.0115603 | N129: =H129/H130*N130 -> 0.01569635 | P129: 1966 | Q129: =ISNUMBER(N129)*ISNUMBER(E129) -> 1
A130: 1967 | B130: 11.61236 | D130: =INDEX('OECD tau'!$AT$10:$BM$69,MATCH($A130,'OECD tau'!$AS$10:$AS$69,0),MATCH($A$1,'OECD tau'!$AT$8:$BM$8,0)) -> 6.5331549 | E130: =B130 -> 11.61236 | G130: 1967 | H130: 0.010384 | N130: =H130/H131*N131 -> 0.014099192 | P130: 1967 | Q130: =ISNUMBER(N130)*ISNUMBER(E130) -> 1
A131: 1968 | B131: 11.5 | D131: =INDEX('OECD tau'!$AT$10:$BM$69,MATCH($A131,'OECD tau'!$AS$10:$AS$69,0),MATCH($A$1,'OECD tau'!$AT$8:$BM$8,0)) -> 6.2290862 | E131: =B131 -> 11.5 | G131: 1968 | H131: 0.0112485 | N131: =H131/H132*N132 -> 0.015272994 | P131: 1968 | Q131: =ISNUMBER(N131)*ISNUMBER(E131) -> 1
A132: 1969 | B132: 10.731278 | D132: =INDEX('OECD tau'!$AT$10:$BM$69,MATCH($A132,'OECD tau'!$AS$10:$AS$69,0),MATCH($A$1,'OECD tau'!$AT$8:$BM$8,0)) -> 5.8149764 | E132: =B132 -> 10.731278 | G132: 1969 | H132: 0.0113944 | N132: =H132/H133*N133 -> 0.015471094 | P132: 1969 | Q132: =ISNUMBER(N132)*ISNUMBER(E132) -> 1
A133: 1970 | B133: 8.437276 | D133: =INDEX('OECD tau'!$AT$10:$BM$69,MATCH($A133,'OECD tau'!$AS$10:$AS$69,0),MATCH($A$1,'OECD tau'!$AT$8:$BM$8,0)) -> 4.1401331 | E133: =B133 -> 8.437276 | G133: 1970 | H133: 0.012415 | N133: =H133/H134*N134 -> 0.016856844 | P133: 1970 | Q133: =ISNUMBER(N133)*ISNUMBER(E133) -> 1
A134: 1971 | B134: 8.6351351 | D134: =INDEX('OECD tau'!$AT$10:$BM$69,MATCH($A134,'OECD tau'!$AS$10:$AS$69,0),MATCH($A$1,'OECD tau'!$AT$8:$BM$8,0)) -> 4.0045207 | E134: =B134 -> 8.6351351 | G134: 1971 | H134: 0.0112665 | N134: =H134/H135*N135 -> 0.015297434 | P134: 1971 | Q134: =ISNUMBER(N134)*ISNUMBER(E134) -> 1
A135: 1972 | B135: 9.0433437 | D135: =INDEX('OECD tau'!$AT$10:$BM$69,MATCH($A135,'OECD tau'!$AS$10:$AS$69,0),MATCH($A$1,'OECD tau'!$AT$8:$BM$8,0)) -> 4.1085396 | E135: =B135 -> 9.0433437 | G135: 1972 | H135: 0.0114503 | N135: =H135/H136*N136 -> 0.015546994 | P135: 1972 | Q135: =ISNUMBER(N135)*ISNUMBER(E135) -> 1
A136: 1973 | B136: 8.1612022 | D136: =INDEX('OECD tau'!$AT$10:$BM$69,MATCH($A136,'OECD tau'!$AS$10:$AS$69,0),MATCH($A$1,'OECD tau'!$AT$8:$BM$8,0)) -> 3.5694178 | E136: =B136 -> 8.1612022 | G136: 1973 | H136: 0.0102472 | N136: =H136/H137*N137 -> 0.013913448 | P136: 1973 | Q136: =ISNUMBER(N136)*ISNUMBER(E136) -> 1
A137: 1974 | B137: 6.5337995 | D137: =INDEX('OECD tau'!$AT$10:$BM$69,MATCH($A137,'OECD tau'!$AS$10:$AS$69,0),MATCH($A$1,'OECD tau'!$AT$8:$BM$8,0)) -> 2.6531872 | E137: =B137 -> 6.5337995 | G137: 1974 | H137: 0.0093857 | N137: =H137/H138*N138 -> 0.01274372 | P137: 1974 | Q137: =ISNUMBER(N137)*ISNUMBER(E137) -> 1
A138: 1975 | B138: 8.7994012 | D138: =INDEX('OECD tau'!$AT$10:$BM$69,MATCH($A138,'OECD tau'!$AS$10:$AS$69,0),MATCH($A$1,'OECD tau'!$AT$8:$BM$8,0)) -> 2.9473647 | E138: =B138 -> 8.7994012 | G138: 1975 | H138: 0.0093323 | N138: =H138/H139*N139 -> 0.012671215 | P138: 1975 | Q138: =ISNUMBER(N138)*ISNUMBER(E138) -> 1
A139: 1976 | B139: 7.6775068 | D139: =INDEX('OECD tau'!$AT$10:$BM$69,MATCH($A139,'OECD tau'!$AS$10:$AS$69,0),MATCH($A$1,'OECD tau'!$AT$8:$BM$8,0)) -> 2.4083772 | E139: =B139 -> 7.6775068 | G139: 1976 | H139: 0.0087372 | N139: =H139/H140*N140 -> 0.011863199 | P139: 1976 | Q139: =ISNUMBER(N139)*ISNUMBER(E139) -> 1
... A151: 1988 | B151: 4.7633495 | D151: =INDEX('OECD tau'!$AT$10:$BM$69,MATCH($A151,'OECD tau'!$AS$10:$AS$69,0),MATCH($A$1,'OECD tau'!$AT$8:$BM$8,0)) -> 1.3932377 | E151: =B151 -> 4.7633495 | G151: 1988 | H151: 0.009376 | N151: =H151/H152*N152 -> 0.01273055 | P151: 1988 | Q151: =ISNUMBER(N151)*ISNUMBER(E151) -> 1
A152: 1989 | D152: =INDEX('OECD tau'!$AT$10:$BM$69,MATCH($A152,'OECD tau'!$AS$10:$AS$69,0),MATCH($A$1,'OECD tau'!$AT$8:$BM$8,0)) -> 1.2096355 | E152: =D152 -> 1.2096355 | G152: 1989 | H152: 0.0099502 | K152: 363765.5 | L152: 4914.54 | M152: =L152/K152 -> 0.013510187 | N152: =M152 -> 0.013510187 | P152: 1989 | Q152: =ISNUMBER(N152)*ISNUMBER(E152) -> 1
A153: 1990 | D153: =INDEX('OECD tau'!$AT$10:$BM$69,MATCH($A153,'OECD tau'!$AS$10:$AS$69,0),MATCH($A$1,'OECD tau'!$AT$8:$BM$8,0)) -> 1.3364035 | E153: =D153 -> 1.3364035 | G153: 1990 | H153: 0.0104814 | K153: 392975.79 | L153: 4944.4 | M153: =L153/K153 -> 0.012581946 | N153: =M153 -> 0.012581946 | P153: 1990 | Q153: =ISNUMBER(N153)*ISNUMBER(E153) -> 1
A154: 1991 | D154: =INDEX('OECD tau'!$AT$10:$BM$69,MATCH($A154,'OECD tau'!$AS$10:$AS$69,0),MATCH($A$1,'OECD tau'!$AT$8:$BM$8,0)) -> 1.3770856 | E154: =D154 -> 1.3770856 | G154: 1991 | H154: 0.0108547 | K154: 421853.58 | L154: 5557.48 | M154: =L154/K154 -> 0.013173955 | N154: =M154 -> 0.013173955 | P154: 1991 | Q154: =ISNUMBER(N154)*ISNUMBER(E154) -> 1
A155: 1992 | D155: =INDEX('OECD tau'!$AT$10:$BM$69,MATCH($A155,'OECD tau'!$AS$10:$AS$69,0),MATCH($A$1,'OECD tau'!$AT$8:$BM$8,0)) -> 1.4161282 | E155: =D155 -> 1.4161282 | G155: 1992 | H155: 0.0088703 | K155: 447471.02 | L155: 4536.15 | M155: =L155/K155 -> 0.010137305 | N155: =M155 -> 0.010137305 | P155: 1992 | Q155: =ISNUMBER(N155)*ISNUMBER(E155) -> 1
A156: 1993 | D156: =INDEX('OECD tau'!$AT$10:$BM$69,MATCH($A156,'OECD tau'!$AS$10:$AS$69,0),MATCH($A$1,'OECD tau'!$AT$8:$BM$8,0)) -> 1.4014579 | E156: =D156 -> 1.4014579 | G156: 1993 | H156: 0.0079473 | K156: 464858.41 | L156: 6804.4 | M156: =L156/K156 -> 0.014637575 | N156: =M156 -> 0.014637575 | P156: 1993 | Q156: =ISNUMBER(N156)*ISNUMBER(E156) -> 1
A157: 1994 | D157: =INDEX('OECD tau'!$AT$10:$BM$69,MATCH($A157,'OECD tau'!$AS$10:$AS$69,0),MATCH($A$1,'OECD tau'!$AT$8:$BM$8,0)) -> 1.4016109 | E157: =D157 -> 1.4016109 | G157: 1994 | H157: 0.0080887 | K157: 512415.61 | L157: 5614.03 | M157: =L157/K157 -> 0.010956009 | N157: =M157 -> 0.010956009 | P157: 1994 | Q157: =ISNUMBER(N157)*ISNUMBER(E157) -> 1
A158: 1995 | D158: =INDEX('OECD tau'!$AT$10:$BM$69,MATCH($A158,'OECD tau'!$AS$10:$AS$69,0),MATCH($A$1,'OECD tau'!$AT$8:$BM$8,0)) -> 1.31881 | E158: =D158 -> 1.31881 | G158: 1995 | H158: 0.0079649 | K158: 582119.67 | L158: 6240.79 | M158: =L158/K158 -> 0.010720802 | N158: =M158 -> 0.010720802 | P158: 1995 | Q158: =ISNUMBER(N158)*ISNUMBER(E158) -> 1
A159: 1996 | D159: =INDEX('OECD tau'!$AT$10:$BM$69,MATCH($A159,'OECD tau'!$AS$10:$AS$69,0),MATCH($A$1,'OECD tau'!$AT$8:$BM$8,0)) -> 1.4770725 | E159: =D159 -> 1.4770725 | G159: 1996 | H159: 0.0080453 | K159: 622827.06 | L159: 8370.49 | M159: =L159/K159 -> 0.013439509 | N159: =M159 -> 0.013439509 | P159: 1996 | Q159: =ISNUMBER(N159)*ISNUMBER(E159) -> 1
A160: 1997 | D160: =INDEX('OECD tau'!$AT$10:$BM$69,MATCH($A160,'OECD tau'!$AS$10:$AS$69,0),MATCH($A$1,'OECD tau'!$AT$8:$BM$8,0)) -> 1.0607057 | E160: =D160 -> 1.0607057 | G160: 1997 | H160: 0.0086133 | K160: 687598 | L160: 8306.41 | M160: =L160/K160 -> 0.012080329 | N160: =M160 -> 0.012080329 | P160: 1997 | Q160: =ISNUMBER(N160)*ISNUMBER(E160) -> 1
A161: 1998 | D161: =INDEX('OECD tau'!$AT$10:$BM$69,MATCH($A161,'OECD tau'!$AS$10:$AS$69,0),MATCH($A$1,'OECD tau'!$AT$8:$BM$8,0)) -> 0.96767719 | E161: =D161 -> 0.96767719 | G161: 1998 | H161: 0.0080053 | K161: 680474.25 | L161: 7251.31 | M161: =L161/K161 -> 0.010656259 | N161: =M161 -> 0.010656259 | P161: 1998 | Q161: =ISNUMBER(N161)*ISNUMBER(E161) -> 1
A162: 1999 | D162: =INDEX('OECD tau'!$AT$10:$BM$69,MATCH($A162,'OECD tau'!$AS$10:$AS$69,0),MATCH($A$1,'OECD tau'!$AT$8:$BM$8,0)) -> 0.96890639 | E162: =D162 -> 0.96890639 | G162: 1999 | H162: 0.0075341 | K162: 692820.62 | L162: 8364.71 | M162: =L162/K162 -> 0.012073414 | N162: =M162 -> 0.012073414 | P162: 1999 | Q162: =ISNUMBER(N162)*ISNUMBER(E162) -> 1
A163: 2000 | D163: =INDEX('OECD tau'!$AT$10:$BM$69,MATCH($A163,'OECD tau'!$AS$10:$AS$69,0),MATCH($A$1,'OECD tau'!$AT$8:$BM$8,0)) -> 0.85221432 | E163: =D163 -> 0.85221432 | G163: 2000 | H163: 0.0078702 | K163: 780418.63 | L163: 9942.47 | M163: =L163/K163 -> 0.012739919 | N163: =M163 -> 0.012739919 | P163: 2000 | Q163: =ISNUMBER(N163)*ISNUMBER(E163) -> 1
... A177: 2014 | D177: =INDEX('OECD tau'!$AT$10:$BM$69,MATCH($A177,'OECD tau'!$AS$10:$AS$69,0),MATCH($A$1,'OECD tau'!$AT$8:$BM$8,0)) -> 0.5981987 | E177: =D177 -> 0.5981987 | G177: 2014 | H177: 0.0082213 | K177: 1621873.8 | L177: 22204.42 | M177: =L177/K177 -> 0.013690597 | N177: =M177 -> 0.013690597 | P177: 2014 | Q177: =ISNUMBER(N177)*ISNUMBER(E177) -> 1
A178: 2015 | D178: =INDEX('OECD tau'!$AT$10:$BM$69,MATCH($A178,'OECD tau'!$AS$10:$AS$69,0),MATCH($A$1,'OECD tau'!$AT$8:$BM$8,0)) -> 0.63447183 | E178: =D178 -> 0.63447183 | G178: 2015 | K178: 1503328.4 | L178: 22154.24 | M178: =L178/K178 -> 0.014736794 | N178: =M178 -> 0.014736794 | P178: 2015 | Q178: =ISNUMBER(N178)*ISNUMBER(E178) -> 1
A179: 2016 | D179: =INDEX('OECD tau'!$AT$10:$BM$69,MATCH($A179,'OECD tau'!$AS$10:$AS$69,0),MATCH($A$1,'OECD tau'!$AT$8:$BM$8,0)) -> 0.65363909 | E179: =D179 -> 0.65363909 | G179: 2016 | K179: 1451459.7 | L179: 22797.09 | M179: =L179/K179 -> 0.01570632 | N179: =M179 -> 0.01570632 | P179: 2016 | Q179: =ISNUMBER(N179)*ISNUMBER(E179) -> 1
A180: 2017 | D180: =INDEX('OECD tau'!$AT$10:$BM$69,MATCH($A180,'OECD tau'!$AS$10:$AS$69,0),MATCH($A$1,'OECD tau'!$AT$8:$BM$8,0)) -> 0.59356163 | E180: =D180 -> 0.59356163 | G180: 2017 | K180: 1547195.4 | L180: 21695.9 | M180: =L180/K180 -> 0.014022728 | N180: =M180 -> 0.014022728 | P180: 2017 | Q180: =ISNUMBER(N180)*ISNUMBER(E180) -> 1
A181: 2018 | D181: =INDEX('OECD tau'!$AT$10:$BM$69,MATCH($A181,'OECD tau'!$AS$10:$AS$69,0),MATCH($A$1,'OECD tau'!$AT$8:$BM$8,0)) -> 0.54666166 | E181: =D181 -> 0.54666166 | G181: 2018 | K181: 1665786.9 | L181: 22172.24 | M181: =L181/K181 -> 0.01331037 | N181: =M181 -> 0.01331037 | P181: 2018 | Q181: =ISNUMBER(N181)*ISNUMBER(E181) -> 1
A182: 2019 | D182: =INDEX('OECD tau'!$AT$10:$BM$69,MATCH($A182,'OECD tau'!$AS$10:$AS$69,0),MATCH($A$1,'OECD tau'!$AT$8:$BM$8,0)) -> 0.55704189 | E182: =D182 -> 0.55704189 | G182: 2019 | K182: 1645940.3 | L182: 17960.21 | M182: =L182/K182 -> 0.010911823 | N182: =M182 -> 0.010911823 | P182: 2019 | Q182: =ISNUMBER(N182)*ISNUMBER(E182) -> 1
A183: 2020 | D183: =INDEX('OECD tau'!$AT$10:$BM$69,MATCH($A183,'OECD tau'!$AS$10:$AS$69,0),MATCH($A$1,'OECD tau'!$AT$8:$BM$8,0)) -> 0.65097473 | E183: =D183 -> 0.65097473 | G183: 2020 | K183: 1429995.4 | L183: 18063.85 | M183: =L183/K183 -> 0.012632104 | N183: =M183 -> 0.012632104 | P183: 2020 | Q183: =ISNUMBER(N183)*ISNUMBER(E183) -> 1
A184: 2021 | D184: =INDEX('OECD tau'!$AT$10:$BM$69,MATCH($A184,'OECD tau'!$AS$10:$AS$69,0),MATCH($A$1,'OECD tau'!$AT$8:$BM$8,0)) -> 0.63430056 | E184: =D184 -> 0.63430056 | G184: 2021 | K184: 1757743.7 | L184: 23634.98 | M184: =L184/K184 -> 0.013446204 | N184: =M184 -> 0.013446204 | P184: 2021 | Q184: =ISNUMBER(N184)*ISNUMBER(E184) -> 1
A185: 2022 | D185: =INDEX('OECD tau'!$AT$10:$BM$69,MATCH($A185,'OECD tau'!$AS$10:$AS$69,0),MATCH($A$1,'OECD tau'!$AT$8:$BM$8,0)) -> 0.52012269 | E185: =D185 -> 0.52012269 | G185: 2022 | K185: 2072648.1 | L185: 36718.71 | M185: =L185/K185 -> 0.017715844 | N185: =M185 -> 0.017715844 | P185: 2022 | Q185: =ISNUMBER(N185)*ISNUMBER(E185) -> 1
A186: 2023 | D186: =INDEX('OECD tau'!$AT$10:$BM$69,MATCH($A186,'OECD tau'!$AS$10:$AS$69,0),MATCH($A$1,'OECD tau'!$AT$8:$BM$8,0)) -> 0.52404252 | E186: =D186 -> 0.52404252 | G186: 2023 | K186: 2020479.2 | L186: 27781.93 | M186: =L186/K186 -> 0.013750169 | N186: =M186 -> 0.013750169 | P186: 2023 | Q186: =ISNUMBER(N186)*ISNUMBER(E186) -> 1
A187: 2024 | D187: =INDEX('OECD tau'!$AT$10:$BM$69,MATCH($A187,'OECD tau'!$AS$10:$AS$69,0),MATCH($A$1,'OECD tau'!$AT$8:$BM$8,0)) -> 0.55773049 | E187: =D187 -> 0.55773049 | G187: 2024 | K187: 2061690.8 | L187: 25042.8 | M187: =L187/K187 -> 0.01214673 | N187: =M187 -> 0.01214673 | P187: 2024 | Q187: =ISNUMBER(N187)*ISNUMBER(E187) -> 1

Sheet BEL
A1: BEL | B1: Avg tariff rate | G1: Export shares
A2: year | B2: tau_bel_mitchell | C2: tau_bel_tradhist | D2: tau_bel_oecd | E2: tau_bel_own | G2: year | H2: xpshr_bel_tradhist | I2: total_exports_hsus | J2: exports_hsus | K2: total_exports_usitc | L2: exports_usitc | M2: xpshr_bel_usitc | N2: xpshr_bel_own | P2: year | Q2: Identifier
A3: 1840 | G3: 1840 | H3: 0.0372593 | N3: =H3/H4*N4 -> 0.073137435 | P3: 1840 | Q3: =ISNUMBER(N3)*ISNUMBER(E3) -> 0
A4: 1841 | G4: 1841 | H4: 0.0381219 | N4: =H4/H5*N5 -> 0.07483066 | P4: 1841 | Q4: =ISNUMBER(N4)*ISNUMBER(E4) -> 0
A5: 1842 | G5: 1842 | H5: 0.0457808 | N5: =H5/H6*N6 -> 0.089864552 | P5: 1842 | Q5: =ISNUMBER(N5)*ISNUMBER(E5) -> 0
A6: 1843 | G6: 1843 | H6: 0.0614246 | N6: =H6/H7*N7 -> 0.12057225 | P6: 1843 | Q6: =ISNUMBER(N6)*ISNUMBER(E6) -> 0
A7: 1844 | G7: 1844 | H7: 0.034076 | N7: =H7/H8*N8 -> 0.066888837 | P7: 1844 | Q7: =ISNUMBER(N7)*ISNUMBER(E7) -> 0
A8: 1845 | G8: 1845 | H8: 0.0382212 | N8: =H8/H9*N9 -> 0.075025579 | P8: 1845 | Q8: =ISNUMBER(N8)*ISNUMBER(E8) -> 0
A9: 1846 | B9: 5.0691244 | E9: =B9 -> 5.0691244 | G9: 1846 | H9: 0.023773 | N9: =H9/H10*N10 -> 0.046664759 | P9: 1846 | Q9: =ISNUMBER(N9)*ISNUMBER(E9) -> 1
A10: 1847 | B10: 4.5643154 | E10: =B10 -> 4.5643154 | G10: 1847 | H10: 0.0211622 | N10: =H10/H11*N11 -> 0.041539939 | P10: 1847 | Q10: =ISNUMBER(N10)*ISNUMBER(E10) -> 1
A11: 1848 | B11: 5.4945055 | E11: =B11 -> 5.4945055 | G11: 1848 | H11: 0.0170703 | N11: =H11/H12*N12 -> 0.033507821 | P11: 1848 | Q11: =ISNUMBER(N11)*ISNUMBER(E11) -> 1
A12: 1849 | B12: 5.7971014 | E12: =B12 -> 5.7971014 | G12: 1849 | H12: 0.0288366 | N12: =H12/H13*N13 -> 0.056604256 | P12: 1849 | Q12: =ISNUMBER(N12)*ISNUMBER(E12) -> 1
A13: 1850 | B13: 5.0632911 | E13: =B13 -> 5.0632911 | G13: 1850 | H13: 0.0237241 | N13: =H13/H14*N14 -> 0.046568771 | P13: 1850 | Q13: =ISNUMBER(N13)*ISNUMBER(E13) -> 1
A14: 1851 | B14: 5.5045872 | E14: =B14 -> 5.5045872 | G14: 1851 | H14: 0.0126338 | N14: =H14/H15*N15 -> 0.024799278 | P14: 1851 | Q14: =ISNUMBER(N14)*ISNUMBER(E14) -> 1
A15: 1852 | B15: 5.2434457 | E15: =B15 -> 5.2434457 | G15: 1852 | H15: 0.0243059 | N15: =H15/H16*N16 -> 0.047710805 | P15: 1852 | Q15: =ISNUMBER(N15)*ISNUMBER(E15) -> 1
A16: 1853 | B16: 4.3624161 | E16: =B16 -> 4.3624161 | G16: 1853 | H16: 0.0209529 | N16: =H16/H17*N17 -> 0.041129097 | P16: 1853 | Q16: =ISNUMBER(N16)*ISNUMBER(E16) -> 1
A17: 1854 | B17: 3.4985423 | E17: =B17 -> 3.4985423 | G17: 1854 | H17: 0.0246796 | N17: =H17/H18*N18 -> 0.048444352 | P17: 1854 | Q17: =ISNUMBER(N17)*ISNUMBER(E17) -> 1
A18: 1855 | B18: 3.1168831 | E18: =B18 -> 3.1168831 | G18: 1855 | H18: 0.0226945 | N18: =H18/H19*N19 -> 0.044547738 | P18: 1855 | Q18: =ISNUMBER(N18)*ISNUMBER(E18) -> 1
A19: 1856 | B19: 2.7586207 | E19: =B19 -> 2.7586207 | G19: 1856 | H19: 0.0205276 | N19: =H19/H20*N20 -> 0.040294263 | P19: 1856 | Q19: =ISNUMBER(N19)*ISNUMBER(E19) -> 1
A20: 1857 | B20: 2.9885057 | E20: =B20 -> 2.9885057 | G20: 1857 | H20: 0.0216016 | N20: =H20/H21*N21 -> 0.04240245 | P20: 1857 | Q20: =ISNUMBER(N20)*ISNUMBER(E20) -> 1
... A75: 1912 | B75: 1.432029 | E75: =B75 -> 1.432029 | G75: 1912 | H75: 0.03622 | N75: =H75/H76*N76 -> 0.071097361 | P75: 1912 | Q75: =ISNUMBER(N75)*ISNUMBER(E75) -> 1
A76: 1913 | G76: 1913 | H76: 0.033193 | N76: =H76/H77*N77 -> 0.065155569 | P76: 1913 | Q76: =ISNUMBER(N76)*ISNUMBER(E76) -> 0
A77: 1914 | G77: 1914 | H77: 0.0262746 | N77: =H77/H78*N78 -> 0.051575227 | P77: 1914 | Q77: =ISNUMBER(N77)*ISNUMBER(E77) -> 0
A78: 1915 | G78: 1915 | H78: 0.0076076 | N78: =H78/H79*N79 -> 0.014933194 | P78: 1915 | Q78: =ISNUMBER(N78)*ISNUMBER(E78) -> 0
A79: 1916 | G79: 1916 | H79: 4.66e-05 | N79: =H79/H80*N80 -> 9.1472585e-05 | P79: 1916 | Q79: =ISNUMBER(N79)*ISNUMBER(E79) -> 0
A80: 1917 | G80: 1917 | H80: 4.58e-05 | N80: =H80/H81*N81 -> 8.990224e-05 | P80: 1917 | Q80: =ISNUMBER(N80)*ISNUMBER(E80) -> 0
A81: 1918 | B81: 1.5453562 | E81: =B81 -> 1.5453562 | G81: 1918 | H81: 0.0008192 | N81: =H81/H82*N82 -> 0.0016080331 | P81: 1918 | Q81: =ISNUMBER(N81)*ISNUMBER(E81) -> 1
A82: 1919 | B82: 1.9121396 | E82: =B82 -> 1.9121396 | G82: 1919 | H82: 0.0179024 | N82: =H82/H83*N83 -> 0.035141176 | P82: 1919 | Q82: =ISNUMBER(N82)*ISNUMBER(E82) -> 1
A83: 1920 | B83: 2.773865 | E83: =B83 -> 2.773865 | G83: 1920 | H83: 0.020824 | N83: =H83/H84*N84 -> 0.040876075 | P83: 1920 | Q83: =ISNUMBER(N83)*ISNUMBER(E83) -> 1
A84: 1921 | B84: 2.7565316 | E84: =B84 -> 2.7565316 | G84: 1921 | H84: 0.0274616 | N84: =H84/H85*N85 -> 0.053905226 | P84: 1921 | Q84: =ISNUMBER(N84)*ISNUMBER(E84) -> 1
A85: 1922 | B85: 2.4446703 | E85: =B85 -> 2.4446703 | G85: 1922 | H85: 0.0228545 | N85: =H85/H86*N86 -> 0.044861807 | P85: 1922 | Q85: =ISNUMBER(N85)*ISNUMBER(E85) -> 1
A86: 1923 | B86: 3.0814831 | E86: =B86 -> 3.0814831 | G86: 1923 | H86: 0.0188657 | N86: =H86/H87*N87 -> 0.037032067 | P86: 1923 | Q86: =ISNUMBER(N86)*ISNUMBER(E86) -> 1
A87: 1924 | B87: 3.0741881 | E87: =B87 -> 3.0741881 | G87: 1924 | H87: 0.0199787 | N87: =H87/H88*N88 -> 0.03921681 | P87: 1924 | Q87: =ISNUMBER(N87)*ISNUMBER(E87) -> 1
A88: 1925 | B88: 3.0920759 | E88: =B88 -> 3.0920759 | G88: 1925 | H88: 0.0217701 | N88: =H88/H89*N89 -> 0.042733204 | P88: 1925 | Q88: =ISNUMBER(N88)*ISNUMBER(E88) -> 1
A89: 1926 | B89: 3.4217093 | E89: =B89 -> 3.4217093 | G89: 1926 | H89: 0.0181906 | N89: =H89/H90*N90 -> 0.035706893 | P89: 1926 | Q89: =ISNUMBER(N89)*ISNUMBER(E89) -> 1
A90: 1927 | B90: 3.7025601 | E90: =B90 -> 3.7025601 | G90: 1927 | H90: 0.0187165 | N90: =H90/H91*N91 -> 0.036739198 | P90: 1927 | Q90: =ISNUMBER(N90)*ISNUMBER(E90) -> 1
A91: 1928 | B91: 4.2966489 | E91: =B91 -> 4.2966489 | G91: 1928 | H91: 0.0171558 | N91: =H91/H92*N92 -> 0.033675652 | P91: 1928 | Q91: =ISNUMBER(N91)*ISNUMBER(E91) -> 1
A92: 1929 | B92: 5.4357348 | E92: =B92 -> 5.4357348 | G92: 1929 | H92: 0.0183803 | N92: =H92/H93*N93 -> 0.036079261 | P92: 1929 | Q92: =ISNUMBER(N92)*ISNUMBER(E92) -> 1
... A103: 1940 | B103: 5.8518169 | E103: =B103 -> 5.8518169 | G103: 1940 | H103: 0.0071554 | N103: =H103/H104*N104 -> 0.014045557 | P103: 1940 | Q103: =ISNUMBER(N103)*ISNUMBER(E103) -> 1
A104: 1941 | B104: 4.3807376 | E104: =B104 -> 4.3807376 | G104: 1941 | H104: 0.0001773 | N104: =H104/H108*N108 -> 0.00034802767 | P104: 1941 | Q104: =ISNUMBER(N104)*ISNUMBER(E104) -> 1
A105: 1942 | B105: 4.6822742 | E105: =B105 -> 4.6822742 | G105: 1942 | H105: 0 | N105: =H105 -> 0 | P105: 1942 | Q105: =ISNUMBER(N105)*ISNUMBER(E105) -> 1
A106: 1943 | B106: 1.3659813 | E106: =B106 -> 1.3659813 | G106: 1943 | H106: 0 | N106: =H106 -> 0 | P106: 1943 | Q106: =ISNUMBER(N106)*ISNUMBER(E106) -> 1
A107: 1944 | B107: 3.752798 | E107: =B107 -> 3.752798 | G107: 1944 | H107: 0 | N107: =H107 -> 0 | P107: 1944 | Q107: =ISNUMBER(N107)*ISNUMBER(E107) -> 1
A108: 1945 | B108: 4.32567 | E108: =B108 -> 4.32567 | G108: 1945 | H108: 0.0017828 | N108: =H108/H109*N109 -> 0.0034995134 | P108: 1945 | Q108: =ISNUMBER(N108)*ISNUMBER(E108) -> 1
A109: 1946 | B109: 3.6095432 | E109: =B109 -> 3.6095432 | G109: 1946 | H109: 0.0279175 | N109: =H109/H110*N110 -> 0.054800126 | P109: 1946 | Q109: =ISNUMBER(N109)*ISNUMBER(E109) -> 1
A110: 1947 | B110: 4.0704635 | E110: =B110 -> 4.0704635 | G110: 1947 | H110: 0.0362807 | N110: =H110/H111*N111 -> 0.071216511 | P110: 1947 | Q110: =ISNUMBER(N110)*ISNUMBER(E110) -> 1
A111: 1948 | B111: 4.0816327 | E111: =B111 -> 4.0816327 | G111: 1948 | H111: 0.0275456 | N111: =H111/H112*N112 -> 0.054070112 | P111: 1948 | Q111: =ISNUMBER(N111)*ISNUMBER(E111) -> 1
A112: 1949 | B112: 3.4375 | E112: =B112 -> 3.4375 | G112: 1949 | H112: 0.0273583 | N112: =H112/H113*N113 -> 0.053702455 | P112: 1949 | Q112: =ISNUMBER(N112)*ISNUMBER(E112) -> 1
A113: 1950 | B113: 3.5772358 | E113: =B113 -> 3.5772358 | G113: 1950 | H113: 0.0298328 | N113: =H113/H114*N114 -> 0.058559728 | P113: 1950 | Q113: =ISNUMBER(N113)*ISNUMBER(E113) -> 1
A114: 1951 | B114: 3.6065574 | E114: =B114 -> 3.6065574 | G114: 1951 | H114: 0.027439 | N114: =H114/H115*N115 -> 0.053860864 | P114: 1951 | Q114: =ISNUMBER(N114)*ISNUMBER(E114) -> 1
A115: 1952 | B115: 3.59375 | E115: =B115 -> 3.59375 | G115: 1952 | H115: 0.0241907 | N115: =H115/H116*N116 -> 0.047484675 | P115: 1952 | Q115: =ISNUMBER(N115)*ISNUMBER(E115) -> 1
A116: 1953 | B116: 3.4965035 | E116: =B116 -> 3.4965035 | G116: 1953 | H116: 0.0162352 | N116: =H116/H117*N117 -> 0.031868577 | P116: 1953 | Q116: =ISNUMBER(N116)*ISNUMBER(E116) -> 1
A117: 1954 | G117: 1954 | H117: 0.017906 | N117: =H117/H118*N118 -> 0.035148243 | P117: 1954 | Q117: =ISNUMBER(N117)*ISNUMBER(E117) -> 0
A118: 1955 | B118: 2.9069767 | E118: =B118 -> 2.9069767 | G118: 1955 | H118: 0.0203528 | N118: =H118/H119*N119 -> 0.039951142 | P118: 1955 | Q118: =ISNUMBER(N118)*ISNUMBER(E118) -> 1
A119: 1956 | B119: 3.3121019 | E119: =B119 -> 3.3121019 | G119: 1956 | H119: 0.0216958 | N119: =H119/H120*N120 -> 0.042587359 | P119: 1956 | Q119: =ISNUMBER(N119)*ISNUMBER(E119) -> 1
A120: 1957 | B120: 3.2369942 | E120: =B120 -> 3.2369942 | G120: 1957 | H120: 0.0206512 | N120: =H120/H121*N121 -> 0.040536881 | P120: 1957 | Q120: =ISNUMBER(N120)*ISNUMBER(E120) -> 1
A121: 1958 | B121: 3.1746032 | E121: =B121 -> 3.1746032 | G121: 1958 | H121: 0.0173979 | N121: =H121/H122*N122 -> 0.034150877 | P121: 1958 | Q121: =ISNUMBER(N121)*ISNUMBER(E121) -> 1
A122: 1959 | B122: 3.2227488 | E122: =B122 -> 3.2227488 | G122: 1959 | H122: 0.018527 | N122: =H122/H123*N123 -> 0.036367223 | P122: 1959 | Q122: =ISNUMBER(N122)*ISNUMBER(E122) -> 1
A123: 1960 | B123: 3.0701754 | E123: =B123 -> 3.0701754 | G123: 1960 | H123: 0.0190434 | N123: =H123/H124*N124 -> 0.03738088 | P123: 1960 | Q123: =ISNUMBER(N123)*ISNUMBER(E123) -> 1
A124: 1961 | B124: 2.8794643 | E124: =B124 -> 2.8794643 | G124: 1961 | H124: 0.0179011 | N124: =H124/H125*N125 -> 0.035138624 | P124: 1961 | Q124: =ISNUMBER(N124)*ISNUMBER(E124) -> 1
A125: 1962 | B125: 2.7128427 | E125: =B125 -> 2.7128427 | G125: 1962 | H125: 0.0208707 | N125: =H125/H126*N126 -> 0.040967744 | P125: 1962 | Q125: =ISNUMBER(N125)*ISNUMBER(E125) -> 1
A126: 1963 | B126: 2.6461538 | E126: =B126 -> 2.6461538 | G126: 1963 | H126: 0.0202475 | N126: =H126/H127*N127 -> 0.039744446 | P126: 1963 | Q126: =ISNUMBER(N126)*ISNUMBER(E126) -> 1
A127: 1964 | B127: 2.7218464 | E127: =B127 -> 2.7218464 | G127: 1964 | H127: 0.019753 | N127: =H127/H128*N128 -> 0.038773776 | P127: 1964 | Q127: =ISNUMBER(N127)*ISNUMBER(E127) -> 1
A128: 1965 | B128: 2.9120879 | D128: =INDEX('OECD tau'!$AT$10:$BM$69,MATCH($A128,'OECD tau'!$AS$10:$AS$69,0),MATCH($A$1,'OECD tau'!$AT$8:$BM$8,0)) -> 3.4004324 | E128: =B128 -> 2.9120879 | G128: 1965 | H128: 0.0199698 | N128: =H128/H129*N129 -> 0.03919934 | P128: 1965 | Q128: =ISNUMBER(N128)*ISNUMBER(E128) -> 1
A129: 1966 | B129: 2.6258503 | D129: =INDEX('OECD tau'!$AT$10:$BM$69,MATCH($A129,'OECD tau'!$AS$10:$AS$69,0),MATCH($A$1,'OECD tau'!$AT$8:$BM$8,0)) -> 3.1468509 | E129: =B129 -> 2.6258503 | G129: 1966 | H129: 0.0183976 | N129: =H129/H130*N130 -> 0.036113219 | P129: 1966 | Q129: =ISNUMBER(N129)*ISNUMBER(E129) -> 1
A130: 1967 | B130: 2.4408326 | D130: =INDEX('OECD tau'!$AT$10:$BM$69,MATCH($A130,'OECD tau'!$AS$10:$AS$69,0),MATCH($A$1,'OECD tau'!$AT$8:$BM$8,0)) -> 3.3296038 | E130: =B130 -> 2.4408326 | G130: 1967 | H130: 0.0180854 | N130: =H130/H131*N131 -> 0.035500392 | P130: 1967 | Q130: =ISNUMBER(N130)*ISNUMBER(E130) -> 1
A131: 1968 | B131: 2.3057644 | D131: =INDEX('OECD tau'!$AT$10:$BM$69,MATCH($A131,'OECD tau'!$AS$10:$AS$69,0),MATCH($A$1,'OECD tau'!$AT$8:$BM$8,0)) -> 2.8763055 | E131: =B131 -> 2.3057644 | G131: 1968 | H131: 0.0201159 | N131: =H131/H132*N132 -> 0.039486124 | P131: 1968 | Q131: =ISNUMBER(N131)*ISNUMBER(E131) -> 1
A132: 1969 | B132: 2.1121962 | D132: =INDEX('OECD tau'!$AT$10:$BM$69,MATCH($A132,'OECD tau'!$AS$10:$AS$69,0),MATCH($A$1,'OECD tau'!$AT$8:$BM$8,0)) -> 2.3841108 | E132: =B132 -> 2.1121962 | G132: 1969 | H132: 0.0195871 | N132: =H132/H133*N133 -> 0.038448126 | P132: 1969 | Q132: =ISNUMBER(N132)*ISNUMBER(E132) -> 1
A133: 1970 | B133: 2.0695434 | D133: =INDEX('OECD tau'!$AT$10:$BM$69,MATCH($A133,'OECD tau'!$AS$10:$AS$69,0),MATCH($A$1,'OECD tau'!$AT$8:$BM$8,0)) -> 2.3620546 | E133: =B133 -> 2.0695434 | G133: 1970 | H133: 0.0225678 | N133: =H133/H134*N134 -> 0.044299034 | P133: 1970 | Q133: =ISNUMBER(N133)*ISNUMBER(E133) -> 1
A134: 1971 | B134: 1.5754339 | D134: =INDEX('OECD tau'!$AT$10:$BM$69,MATCH($A134,'OECD tau'!$AS$10:$AS$69,0),MATCH($A$1,'OECD tau'!$AT$8:$BM$8,0)) -> 2.2232091 | E134: =B134 -> 1.5754339 | G134: 1971 | H134: 0.0179797 | N134: =H134/H135*N135 -> 0.035292911 | P134: 1971 | Q134: =ISNUMBER(N134)*ISNUMBER(E134) -> 1
A135: 1972 | B135: 1.1098806 | D135: =INDEX('OECD tau'!$AT$10:$BM$69,MATCH($A135,'OECD tau'!$AS$10:$AS$69,0),MATCH($A$1,'OECD tau'!$AT$8:$BM$8,0)) -> 1.8464059 | E135: =B135 -> 1.1098806 | G135: 1972 | H135: 0.0170533 | N135: =H135/H136*N136 -> 0.033474451 | P135: 1972 | Q135: =ISNUMBER(N135)*ISNUMBER(E135) -> 1
A136: 1973 | B136: 1.4753063 | D136: =INDEX('OECD tau'!$AT$10:$BM$69,MATCH($A136,'OECD tau'!$AS$10:$AS$69,0),MATCH($A$1,'OECD tau'!$AT$8:$BM$8,0)) -> 1.3467046 | E136: =B136 -> 1.4753063 | G136: 1973 | H136: 0.0172805 | N136: =H136/H137*N137 -> 0.033920429 | P136: 1973 | Q136: =ISNUMBER(N136)*ISNUMBER(E136) -> 1
A137: 1974 | B137: 1.2939581 | D137: =INDEX('OECD tau'!$AT$10:$BM$69,MATCH($A137,'OECD tau'!$AS$10:$AS$69,0),MATCH($A$1,'OECD tau'!$AT$8:$BM$8,0)) -> 1.1609105 | E137: =B137 -> 1.2939581 | G137: 1974 | H137: 0.0192642 | N137: =H137/H138*N138 -> 0.037814295 | P137: 1974 | Q137: =ISNUMBER(N137)*ISNUMBER(E137) -> 1
A138: 1975 | B138: 1.2707182 | D138: =INDEX('OECD tau'!$AT$10:$BM$69,MATCH($A138,'OECD tau'!$AS$10:$AS$69,0),MATCH($A$1,'OECD tau'!$AT$8:$BM$8,0)) -> 1.1634725 | E138: =B138 -> 1.2707182 | G138: 1975 | H138: 0.0180589 | N138: =H138/H139*N139 -> 0.035448375 | P138: 1975 | Q138: =ISNUMBER(N138)*ISNUMBER(E138) -> 1
A139: 1976 | B139: 1.3424452 | D139: =INDEX('OECD tau'!$AT$10:$BM$69,MATCH($A139,'OECD tau'!$AS$10:$AS$69,0),MATCH($A$1,'OECD tau'!$AT$8:$BM$8,0)) -> 1.3448599 | E139: =B139 -> 1.3424452 | G139: 1976 | H139: 0.0187772 | N139: =H139/H140*N140 -> 0.036858348 | P139: 1976 | Q139: =ISNUMBER(N139)*ISNUMBER(E139) -> 1
... A149: 1986 | B149: 0.91758566 | D149: =INDEX('OECD tau'!$AT$10:$BM$69,MATCH($A149,'OECD tau'!$AS$10:$AS$69,0),MATCH($A$1,'OECD tau'!$AT$8:$BM$8,0)) -> 0.8162104 | E149: =B149 -> 0.91758566 | G149: 1986 | H149: 0.0144803 | N149: =H149/H150*N150 -> 0.02842383 | P149: 1986 | Q149: =ISNUMBER(N149)*ISNUMBER(E149) -> 1
A150: 1987 | D150: =INDEX('OECD tau'!$AT$10:$BM$69,MATCH($A150,'OECD tau'!$AS$10:$AS$69,0),MATCH($A$1,'OECD tau'!$AT$8:$BM$8,0)) -> 1.0993921 | E150: =D150 -> 1.0993921 | G150: 1987 | H150: 0.0148397 | N150: =H150/H151*N151 -> 0.029129307 | P150: 1987 | Q150: =ISNUMBER(N150)*ISNUMBER(E150) -> 1
A151: 1988 | D151: =INDEX('OECD tau'!$AT$10:$BM$69,MATCH($A151,'OECD tau'!$AS$10:$AS$69,0),MATCH($A$1,'OECD tau'!$AT$8:$BM$8,0)) -> 0.88727569 | E151: =D151 -> 0.88727569 | G151: 1988 | H151: 0.0117181 | N151: =H151/H152*N152 -> 0.023001822 | P151: 1988 | Q151: =ISNUMBER(N151)*ISNUMBER(E151) -> 1
A152: 1989 | D152: =INDEX('OECD tau'!$AT$10:$BM$69,MATCH($A152,'OECD tau'!$AS$10:$AS$69,0),MATCH($A$1,'OECD tau'!$AT$8:$BM$8,0)) -> 0.84408432 | E152: =D152 -> 0.84408432 | G152: 1989 | H152: 0.0119239 | K152: 363765.5 | L152: 8514.22 | M152: =L152/K152 -> 0.023405793 | N152: =M152 -> 0.023405793 | P152: 1989 | Q152: =ISNUMBER(N152)*ISNUMBER(E152) -> 1
A153: 1990 | D153: =INDEX('OECD tau'!$AT$10:$BM$69,MATCH($A153,'OECD tau'!$AS$10:$AS$69,0),MATCH($A$1,'OECD tau'!$AT$8:$BM$8,0)) -> 0.8131933 | E153: =D153 -> 0.8131933 | G153: 1990 | H153: 0.0129567 | K153: 392975.79 | L153: 10314.24 | M153: =L153/K153 -> 0.026246502 | N153: =M153 -> 0.026246502 | P153: 1990 | Q153: =ISNUMBER(N153)*ISNUMBER(E153) -> 1
A154: 1991 | D154: =INDEX('OECD tau'!$AT$10:$BM$69,MATCH($A154,'OECD tau'!$AS$10:$AS$69,0),MATCH($A$1,'OECD tau'!$AT$8:$BM$8,0)) -> 0.88082759 | E154: =D154 -> 0.88082759 | G154: 1991 | H154: 0.0129144 | K154: 421853.58 | L154: 10573.9 | M154: =L154/K154 -> 0.025065332 | N154: =M154 -> 0.025065332 | P154: 1991 | Q154: =ISNUMBER(N154)*ISNUMBER(E154) -> 1
A155: 1992 | D155: =INDEX('OECD tau'!$AT$10:$BM$69,MATCH($A155,'OECD tau'!$AS$10:$AS$69,0),MATCH($A$1,'OECD tau'!$AT$8:$BM$8,0)) -> 0.84413849 | E155: =D155 -> 0.84413849 | G155: 1992 | H155: 0.0115317 | K155: 447471.02 | L155: 9778.9 | M155: =L155/K155 -> 0.021853706 | N155: =M155 -> 0.021853706 | P155: 1992 | Q155: =ISNUMBER(N155)*ISNUMBER(E155) -> 1
A156: 1993 | D156: =INDEX('OECD tau'!$AT$10:$BM$69,MATCH($A156,'OECD tau'!$AS$10:$AS$69,0),MATCH($A$1,'OECD tau'!$AT$8:$BM$8,0)) -> 0.81321643 | E156: =D156 -> 0.81321643 | G156: 1993 | H156: 0.0122131 | K156: 464858.41 | L156: 8876.34 | M156: =L156/K156 -> 0.019094717 | N156: =M156 -> 0.019094717 | P156: 1993 | Q156: =ISNUMBER(N156)*ISNUMBER(E156) -> 1
A157: 1994 | D157: =INDEX('OECD tau'!$AT$10:$BM$69,MATCH($A157,'OECD tau'!$AS$10:$AS$69,0),MATCH($A$1,'OECD tau'!$AT$8:$BM$8,0)) -> 0.75944543 | E157: =D157 -> 0.75944543 | G157: 1994 | H157: 0.0122585 | K157: 512415.61 | L157: 10944.2 | M157: =L157/K157 -> 0.021358053 | N157: =M157 -> 0.021358053 | P157: 1994 | Q157: =ISNUMBER(N157)*ISNUMBER(E157) -> 1
A158: 1995 | D158: =INDEX('OECD tau'!$AT$10:$BM$69,MATCH($A158,'OECD tau'!$AS$10:$AS$69,0),MATCH($A$1,'OECD tau'!$AT$8:$BM$8,0)) -> 0.69839907 | E158: =D158 -> 0.69839907 | G158: 1995 | H158: 0.0133713 | K158: 582119.67 | L158: 12459.15 | M158: =L158/K158 -> 0.021403073 | N158: =M158 -> 0.021403073 | P158: 1995 | Q158: =ISNUMBER(N158)*ISNUMBER(E158) -> 1
A159: 1996 | D159: =INDEX('OECD tau'!$AT$10:$BM$69,MATCH($A159,'OECD tau'!$AS$10:$AS$69,0),MATCH($A$1,'OECD tau'!$AT$8:$BM$8,0)) -> 0.62040753 | E159: =D159 -> 0.62040753 | G159: 1996 | H159: 0.0135837 | K159: 622827.06 | L159: 12519.85 | M159: =L159/K159 -> 0.020101647 | N159: =M159 -> 0.020101647 | P159: 1996 | Q159: =ISNUMBER(N159)*ISNUMBER(E159) -> 1
A160: 1997 | D160: =INDEX('OECD tau'!$AT$10:$BM$69,MATCH($A160,'OECD tau'!$AS$10:$AS$69,0),MATCH($A$1,'OECD tau'!$AT$8:$BM$8,0)) -> 0.65595615 | E160: =D160 -> 0.65595615 | G160: 1997 | H160: 0.0164364 | K160: 687598 | L160: 13430.8 | M160: =L160/K160 -> 0.019532925 | N160: =M160 -> 0.019532925 | P160: 1997 | Q160: =ISNUMBER(N160)*ISNUMBER(E160) -> 1
A161: 1998 | D161: =INDEX('OECD tau'!$AT$10:$BM$69,MATCH($A161,'OECD tau'!$AS$10:$AS$69,0),MATCH($A$1,'OECD tau'!$AT$8:$BM$8,0)) -> 0.62424871 | E161: =D161 -> 0.62424871 | G161: 1998 | H161: 0.0171637 | K161: 680474.25 | L161: 13918.13 | M161: =L161/K161 -> 0.020453573 | N161: =M161 -> 0.020453573 | P161: 1998 | Q161: =ISNUMBER(N161)*ISNUMBER(E161) -> 1
A162: 1999 | D162: =INDEX('OECD tau'!$AT$10:$BM$69,MATCH($A162,'OECD tau'!$AS$10:$AS$69,0),MATCH($A$1,'OECD tau'!$AT$8:$BM$8,0)) -> 0.56164516 | E162: =D162 -> 0.56164516 | G162: 1999 | H162: 0.0158772 | K162: 692820.62 | L162: 12384.94 | M162: =L162/K162 -> 0.017876113 | N162: =M162 -> 0.017876113 | P162: 1999 | Q162: =ISNUMBER(N162)*ISNUMBER(E162) -> 1
A163: 2000 | D163: =INDEX('OECD tau'!$AT$10:$BM$69,MATCH($A163,'OECD tau'!$AS$10:$AS$69,0),MATCH($A$1,'OECD tau'!$AT$8:$BM$8,0)) -> 0.49964879 | E163: =D163 -> 0.49964879 | G163: 2000 | H163: 0.01615 | K163: 780418.63 | L163: 13960.1 | M163: =L163/K163 -> 0.017887964 | N163: =M163 -> 0.017887964 | P163: 2000 | Q163: =ISNUMBER(N163)*ISNUMBER(E163) -> 1
... A177: 2014 | D177: =INDEX('OECD tau'!$AT$10:$BM$69,MATCH($A177,'OECD tau'!$AS$10:$AS$69,0),MATCH($A$1,'OECD tau'!$AT$8:$BM$8,0)) -> 0.36619845 | E177: =D177 -> 0.36619845 | G177: 2014 | H177: 0.0196543 | K177: 1621873.8 | L177: 34736.3 | M177: =L177/K177 -> 0.021417388 | N177: =M177 -> 0.021417388 | P177: 2014 | Q177: =ISNUMBER(N177)*ISNUMBER(E177) -> 1
A178: 2015 | D178: =INDEX('OECD tau'!$AT$10:$BM$69,MATCH($A178,'OECD tau'!$AS$10:$AS$69,0),MATCH($A$1,'OECD tau'!$AT$8:$BM$8,0)) -> 0.40552926 | E178: =D178 -> 0.40552926 | G178: 2015 | K178: 1503328.4 | L178: 34173.8 | M178: =L178/K178 -> 0.022732093 | N178: =M178 -> 0.022732093 | P178: 2015 | Q178: =ISNUMBER(N178)*ISNUMBER(E178) -> 1
A179: 2016 | D179: =INDEX('OECD tau'!$AT$10:$BM$69,MATCH($A179,'OECD tau'!$AS$10:$AS$69,0),MATCH($A$1,'OECD tau'!$AT$8:$BM$8,0)) -> 0.44911276 | E179: =D179 -> 0.44911276 | G179: 2016 | K179: 1451459.7 | L179: 32099.64 | M179: =L179/K179 -> 0.02211542 | N179: =M179 -> 0.02211542 | P179: 2016 | Q179: =ISNUMBER(N179)*ISNUMBER(E179) -> 1
A180: 2017 | D180: =INDEX('OECD tau'!$AT$10:$BM$69,MATCH($A180,'OECD tau'!$AS$10:$AS$69,0),MATCH($A$1,'OECD tau'!$AT$8:$BM$8,0)) -> 0.43711057 | E180: =D180 -> 0.43711057 | G180: 2017 | K180: 1547195.4 | L180: 29923.32 | M180: =L180/K180 -> 0.019340363 | N180: =M180 -> 0.019340363 | P180: 2017 | Q180: =ISNUMBER(N180)*ISNUMBER(E180) -> 1
A181: 2018 | D181: =INDEX('OECD tau'!$AT$10:$BM$69,MATCH($A181,'OECD tau'!$AS$10:$AS$69,0),MATCH($A$1,'OECD tau'!$AT$8:$BM$8,0)) -> 0.42360929 | E181: =D181 -> 0.42360929 | G181: 2018 | K181: 1665786.9 | L181: 31410.23 | M181: =L181/K181 -> 0.018856091 | N181: =M181 -> 0.018856091 | P181: 2018 | Q181: =ISNUMBER(N181)*ISNUMBER(E181) -> 1
A182: 2019 | D182: =INDEX('OECD tau'!$AT$10:$BM$69,MATCH($A182,'OECD tau'!$AS$10:$AS$69,0),MATCH($A$1,'OECD tau'!$AT$8:$BM$8,0)) -> 0.45147804 | E182: =D182 -> 0.45147804 | G182: 2019 | K182: 1645940.3 | L182: 34724.59 | M182: =L182/K182 -> 0.021097113 | N182: =M182 -> 0.021097113 | P182: 2019 | Q182: =ISNUMBER(N182)*ISNUMBER(E182) -> 1
A183: 2020 | D183: =INDEX('OECD tau'!$AT$10:$BM$69,MATCH($A183,'OECD tau'!$AS$10:$AS$69,0),MATCH($A$1,'OECD tau'!$AT$8:$BM$8,0)) -> 0.44540495 | E183: =D183 -> 0.44540495 | G183: 2020 | K183: 1429995.4 | L183: 27578.4 | M183: =L183/K183 -> 0.019285656 | N183: =M183 -> 0.019285656 | P183: 2020 | Q183: =ISNUMBER(N183)*ISNUMBER(E183) -> 1
A184: 2021 | D184: =INDEX('OECD tau'!$AT$10:$BM$69,MATCH($A184,'OECD tau'!$AS$10:$AS$69,0),MATCH($A$1,'OECD tau'!$AT$8:$BM$8,0)) -> 0.35961256 | E184: =D184 -> 0.35961256 | G184: 2021 | K184: 1757743.7 | L184: 33710.26 | M184: =L184/K184 -> 0.019178143 | N184: =M184 -> 0.019178143 | P184: 2021 | Q184: =ISNUMBER(N184)*ISNUMBER(E184) -> 1
A185: 2022 | D185: =INDEX('OECD tau'!$AT$10:$BM$69,MATCH($A185,'OECD tau'!$AS$10:$AS$69,0),MATCH($A$1,'OECD tau'!$AT$8:$BM$8,0)) -> 0.37651999 | E185: =D185 -> 0.37651999 | G185: 2022 | K185: 2072648.1 | L185: 35809.99 | M185: =L185/K185 -> 0.01727741 | N185: =M185 -> 0.01727741 | P185: 2022 | Q185: =ISNUMBER(N185)*ISNUMBER(E185) -> 1
A186: 2023 | D186: =INDEX('OECD tau'!$AT$10:$BM$69,MATCH($A186,'OECD tau'!$AS$10:$AS$69,0),MATCH($A$1,'OECD tau'!$AT$8:$BM$8,0)) -> 0.36011477 | E186: =D186 -> 0.36011477 | G186: 2023 | K186: 2020479.2 | L186: 38429.69 | M186: =L186/K186 -> 0.019020087 | N186: =M186 -> 0.019020087 | P186: 2023 | Q186: =ISNUMBER(N186)*ISNUMBER(E186) -> 1
...

Sheet NLD
A1: NLD | B1: Avg tariff rate | G1: Export shares
A2: year | B2: tau_nld_mitchell | C2: tau_nld_tradhist | D2: tau_nld_oecd | E2: tau_nld_own | G2: year | H2: xpshr_nld_tradhist | I2: total_exports_hsus | J2: exports_hsus | K2: total_exports_usitc | L2: exports_usitc | M2: xpshr_nld_usitc | N2: xpshr_nld_own | P2: year | Q2: Identifier
A3: 1840 | C3: 3.038869 | E3: =C3 -> 3.038869 | G3: 1840 | H3: 0.0298684 | P3: 1840 | Q3: =ISNUMBER(N3)*ISNUMBER(E3) -> 0
A4: 1841 | C4: 3.435934 | E4: =C4 -> 3.435934 | G4: 1841 | H4: 0.0421495 | P4: 1841 | Q4: =ISNUMBER(N4)*ISNUMBER(E4) -> 0
A5: 1842 | C5: 4.13845 | E5: =C5 -> 4.13845 | G5: 1842 | P5: 1842 | Q5: =ISNUMBER(N5)*ISNUMBER(E5) -> 0
A6: 1843 | C6: 4.541632 | E6: =C6 -> 4.541632 | G6: 1843 | P6: 1843 | Q6: =ISNUMBER(N6)*ISNUMBER(E6) -> 0
A7: 1844 | C7: 4.041096 | E7: =C7 -> 4.041096 | G7: 1844 | P7: 1844 | Q7: =ISNUMBER(N7)*ISNUMBER(E7) -> 0
A8: 1845 | C8: 3.350854 | E8: =C8 -> 3.350854 | G8: 1845 | P8: 1845 | Q8: =ISNUMBER(N8)*ISNUMBER(E8) -> 0
A9: 1846 | C9: 3.556188 | E9: =C9 -> 3.556188 | G9: 1846 | H9: 0.0220547 | N9: =H9/H10*N10 -> 0.029623215 | P9: 1846 | Q9: =ISNUMBER(N9)*ISNUMBER(E9) -> 1
A10: 1847 | C10: 3.07147 | E10: =C10 -> 3.07147 | G10: 1847 | H10: 0.0142437 | N10: =H10/H11*N11 -> 0.019131713 | P10: 1847 | Q10: =ISNUMBER(N10)*ISNUMBER(E10) -> 1
A11: 1848 | C11: 3.54493 | E11: =C11 -> 3.54493 | G11: 1848 | H11: 0.0143944 | N11: =H11/H12*N12 -> 0.019334129 | P11: 1848 | Q11: =ISNUMBER(N11)*ISNUMBER(E11) -> 1
A12: 1849 | C12: 3.383978 | E12: =C12 -> 3.383978 | G12: 1849 | H12: 0.0199262 | N12: =H12/H13*N13 -> 0.026764278 | P12: 1849 | Q12: =ISNUMBER(N12)*ISNUMBER(E12) -> 1
A13: 1850 | B13: 2.6595745 | C13: 3.445991 | E13: =B13 -> 2.6595745 | G13: 1850 | H13: 0.0132153 | N13: =H13/H14*N14 -> 0.017750397 | P13: 1850 | Q13: =ISNUMBER(N13)*ISNUMBER(E13) -> 1
A14: 1851 | B14: 2.5 | C14: 3.141361 | E14: =B14 -> 2.5 | G14: 1851 | H14: 0.0101283 | N14: =H14/H15*N15 -> 0.013604031 | P14: 1851 | Q14: =ISNUMBER(N14)*ISNUMBER(E14) -> 1
A15: 1852 | B15: 2.4390244 | C15: 3.158522 | E15: =B15 -> 2.4390244 | G15: 1852 | H15: 0.0168734 | N15: =H15/H16*N16 -> 0.022663848 | P15: 1852 | Q15: =ISNUMBER(N15)*ISNUMBER(E15) -> 1
A16: 1853 | B16: 2.4509804 | C16: 2.750275 | E16: =B16 -> 2.4509804 | G16: 1853 | H16: 0.0111537 | N16: =H16/H17*N17 -> 0.014981317 | P16: 1853 | Q16: =ISNUMBER(N16)*ISNUMBER(E16) -> 1
A17: 1854 | B17: 2.0491803 | C17: 2.53834 | E17: =B17 -> 2.0491803 | G17: 1854 | H17: 0.010745 | N17: =H17/H18*N18 -> 0.014432364 | P17: 1854 | Q17: =ISNUMBER(N17)*ISNUMBER(E17) -> 1
A18: 1855 | B18: 2.0080321 | C18: 2.328967 | E18: =B18 -> 2.0080321 | G18: 1855 | H18: 0.0120591 | N18: =H18/H19*N19 -> 0.016197424 | P18: 1855 | Q18: =ISNUMBER(N18)*ISNUMBER(E18) -> 1
A19: 1856 | B19: 1.3605442 | C19: 1.782178 | E19: =B19 -> 1.3605442 | G19: 1856 | H19: 0.012865 | N19: =H19/H20*N20 -> 0.017279884 | P19: 1856 | Q19: =ISNUMBER(N19)*ISNUMBER(E19) -> 1
A20: 1857 | B20: 1.3333333 | C20: 1.676385 | E20: =B20 -> 1.3333333 | G20: 1857 | H20: 0.0105659 | N20: =H20/H21*N21 -> 0.014191802 | P20: 1857 | Q20: =ISNUMBER(N20)*ISNUMBER(E20) -> 1
A21: 1858 | B21: 1.2779553 | C21: 1.955888 | E21: =B21 -> 1.2779553 | G21: 1858 | H21: 0.0123863 | N21: =H21/H22*N22 -> 0.016636909 | P21: 1858 | Q21: =ISNUMBER(N21)*ISNUMBER(E21) -> 1
A22: 1859 | B22: 1.3888889 | C22: 1.877551 | E22: =B22 -> 1.3888889 | G22: 1859 | H22: 0.0131708 | N22: =H22/H23*N23 -> 0.017690626 | P22: 1859 | Q22: =ISNUMBER(N22)*ISNUMBER(E22) -> 1
A23: 1860 | B23: 1.5822785 | C23: 1.973244 | E23: =B23 -> 1.5822785 | G23: 1860 | H23: 0.0145437 | N23: =H23/H24*N24 -> 0.019534664 | P23: 1860 | Q23: =ISNUMBER(N23)*ISNUMBER(E23) -> 1
A24: 1861 | B24: 1.4925373 | C24: 1.851316 | E24: =B24 -> 1.4925373 | G24: 1861 | H24: 0.0236546 | N24: =H24/H25*N25 -> 0.031772153 | P24: 1861 | Q24: =ISNUMBER(N24)*ISNUMBER(E24) -> 1
... A104: 1941 | B104: 2.9569892 | C104: 3.032329 | E104: =B104 -> 2.9569892 | G104: 1941 | H104: 0.0002549 | N104: =H104/H105*N105 -> 0.00034237408 | P104: 1941 | Q104: =ISNUMBER(N104)*ISNUMBER(E104) -> 1
A105: 1942 | G105: 1942 | H105: 7.82e-06 | N105: =H105/H106*N106 -> 1.0503591e-05 | P105: 1942 | Q105: =ISNUMBER(N105)*ISNUMBER(E105) -> 0
A106: 1943 | B106: 2.1428571 | C106: 2.200936 | E106: =B106 -> 2.1428571 | G106: 1943 | H106: 1.4e-06 | N106: =H106/H108*N108 -> 1.8804383e-06 | P106: 1943 | Q106: =ISNUMBER(N106)*ISNUMBER(E106) -> 1
A107: 1944 | G107: 1944 | H107: 0 | N107: =H107 -> 0 | P107: 1944 | Q107: =ISNUMBER(N107)*ISNUMBER(E107) -> 0
A108: 1945 | G108: 1945 | H108: 0.0085709 | N108: =H108/H109*N109 -> 0.011512177 | P108: 1945 | Q108: =ISNUMBER(N108)*ISNUMBER(E108) -> 0
A109: 1946 | B109: 2.4489796 | C109: 2.51684 | E109: =B109 -> 2.4489796 | G109: 1946 | H109: 0.021282 | N109: =H109/H110*N110 -> 0.028585348 | P109: 1946 | Q109: =ISNUMBER(N109)*ISNUMBER(E109) -> 1
A110: 1947 | B110: 1.5891563 | C110: 1.599532 | E110: =B110 -> 1.5891563 | G110: 1947 | H110: 0.0316528 | N110: =H110/H111*N111 -> 0.042515097 | P110: 1947 | Q110: =ISNUMBER(N110)*ISNUMBER(E110) -> 1
A111: 1948 | B111: 4.632427 | C111: 4.685824 | E111: =B111 -> 4.632427 | G111: 1948 | H111: 0.0250256 | N111: =H111/H112*N112 -> 0.03361364 | P111: 1948 | Q111: =ISNUMBER(N111)*ISNUMBER(E111) -> 1
A112: 1949 | B112: 4.8387097 | C112: 3.635772 | E112: =B112 -> 4.8387097 | G112: 1949 | H112: 0.025009 | N112: =H112/H113*N113 -> 0.033591343 | P112: 1949 | Q112: =ISNUMBER(N112)*ISNUMBER(E112) -> 1
A113: 1950 | B113: 4.5512821 | C113: 4.50222 | E113: =B113 -> 4.5512821 | G113: 1950 | H113: 0.0231296 | N113: =H113/H114*N114 -> 0.031066989 | P113: 1950 | Q113: =ISNUMBER(N113)*ISNUMBER(E113) -> 1
A114: 1951 | B114: 4.2268041 | C114: 4.19933 | E114: =B114 -> 4.2268041 | G114: 1951 | H114: 0.0189426 | N114: =H114/H115*N115 -> 0.025443136 | P114: 1951 | Q114: =ISNUMBER(N114)*ISNUMBER(E114) -> 1
A115: 1952 | B115: 4.2588235 | C115: 4.203851 | E115: =B115 -> 4.2588235 | G115: 1952 | H115: 0.0191479 | N115: =H115/H116*N116 -> 0.025718888 | P115: 1952 | Q115: =ISNUMBER(N115)*ISNUMBER(E115) -> 1
A116: 1953 | B116: 4.7777778 | C116: 4.734079 | E116: =B116 -> 4.7777778 | G116: 1953 | H116: 0.0153941 | N116: =H116/H117*N117 -> 0.020676896 | P116: 1953 | Q116: =ISNUMBER(N116)*ISNUMBER(E116) -> 1
A117: 1954 | B117: 4.9724771 | C117: 4.169298 | E117: =B117 -> 4.9724771 | G117: 1954 | H117: 0.0228859 | N117: =H117/H118*N118 -> 0.030739659 | P117: 1954 | Q117: =ISNUMBER(N117)*ISNUMBER(E117) -> 1
A118: 1955 | B118: 4.9918033 | C118: 5.034421 | E118: =B118 -> 4.9918033 | G118: 1955 | H118: 0.0282203 | N118: =H118/H119*N119 -> 0.037904666 | P118: 1955 | Q118: =ISNUMBER(N118)*ISNUMBER(E118) -> 1
A119: 1956 | B119: 5.0774648 | C119: 4.750833 | E119: =B119 -> 5.0774648 | G119: 1956 | H119: 0.0275941 | N119: =H119/H120*N120 -> 0.037063572 | P119: 1956 | Q119: =ISNUMBER(N119)*ISNUMBER(E119) -> 1
